# CH1, CH2, Coincidence
322,423,0
307,383,0
294,420,0
313,419,0
307,408,0
328,385,0
296,403,0
349,429,0
303,423,0
337,409,0
330,406,0
293,431,0
301,418,0
284,457,0
311,420,0
325,391,0
293,416,0
296,417,0
299,401,0
322,403,0
337,403,0
323,399,0
305,404,0
295,412,0
293,415,0
292,376,0
348,413,0
297,439,0
343,433,0
358,383,0
331,425,0
306,423,0
327,403,0
261,448,0
278,375,0
305,435,0
300,386,0
300,405,0
336,416,0
295,399,0
278,396,0
307,419,0
307,362,0
288,397,0
279,440,0
338,436,0
307,407,0
310,389,0
304,391,0
267,395,0
291,407,0
326,407,0
321,436,0
316,362,0
311,417,0
315,408,0
312,441,0
284,395,0
330,365,0
296,427,0
319,410,0
289,425,0
306,439,0
331,414,0
333,431,0
342,434,0
301,420,0
300,400,0
306,409,0
339,431,0
307,410,0
315,436,0
284,424,0
293,448,0
365,426,0
353,416,0
298,428,0
269,375,0
324,413,0
310,413,0
312,441,0
316,372,0
329,398,0
309,407,0
296,432,0
302,403,0
319,418,0
298,383,0
313,423,0
283,455,0
290,419,0
298,394,0
335,385,0
323,419,0
309,410,0
307,410,0
339,421,0
315,439,0
287,404,0
307,411,0
329,418,0
327,434,0
336,439,0
309,387,0
315,423,0
316,409,0
290,410,0
287,406,0
287,393,0
325,413,0
345,398,0
286,411,0
340,425,0
284,424,0
324,435,0
326,390,0
297,435,0
278,416,0
300,423,0
315,404,0
346,402,0
318,441,0
289,417,0
316,378,0
297,393,0
283,398,0
290,436,0
325,399,0
352,421,0
321,421,0
329,388,0
301,385,0
339,417,0
301,415,0
313,443,0
308,404,0
300,393,0
319,409,0
336,408,0
285,410,0
333,393,0
278,440,0
313,405,0
296,405,0
293,407,0
275,391,0
306,368,0
365,402,0
302,407,0
301,413,0
318,397,0
290,423,0
285,406,0
325,422,0
297,418,0
305,394,0
319,390,0
313,379,0
340,419,0
287,423,0
314,409,0
291,412,0
326,381,0
288,408,0
327,412,0
303,422,0
337,409,0
298,422,0
321,395,0
297,412,0
313,444,0
302,419,0
289,441,0
330,405,0
326,399,0
295,387,0
297,443,0
302,419,0
303,402,0
338,420,0
316,414,0
278,425,0
316,390,0
296,381,0
300,425,0
284,414,0
330,415,0
303,395,0
302,422,0
308,369,0
300,383,0
305,420,0
250,425,0
298,412,0
334,371,0
291,383,0
312,437,0
309,441,0
270,424,0
315,403,0
296,411,0
297,392,0
296,415,0
303,414,0
271,363,0
286,411,0
310,399,0
306,402,0
301,426,0
285,377,0
291,425,0
333,442,0
317,407,0
323,424,0
292,411,0
311,432,0
263,421,0
276,396,0
297,419,0
300,409,0
316,404,0
308,433,0
342,446,0
313,416,0
308,404,0
302,411,0
301,385,0
349,412,0
315,425,0
310,427,0
334,397,0
315,423,0
294,425,0
298,413,0
316,402,0
307,420,0
296,401,0
293,404,0
334,402,0
274,397,0
275,466,0
298,408,0
316,416,0
278,399,0
302,379,0
335,405,0
313,423,0
320,448,0
310,413,0
306,393,0
282,424,0
295,416,0
302,439,0
313,418,0
275,420,0
330,391,0
278,397,0
304,408,0
342,387,0
295,446,0
345,430,0
282,398,0
322,385,0
303,459,0
295,370,0
314,414,0
298,409,0
296,424,0
338,381,0
317,398,0
289,398,0
273,418,0
303,421,0
311,409,0
312,399,0
314,452,0
312,406,0
281,393,0
305,422,0
308,434,0
305,401,0
318,429,0
303,401,0
332,417,0
322,449,0
311,409,0
301,403,0
289,380,0
295,436,0
316,409,0
288,387,0
291,444,0
295,397,0
326,378,0
337,434,0
297,437,0
305,413,0
311,430,0
288,404,0
287,436,0
284,407,0
309,400,0
267,413,0
307,400,0
299,391,0
323,390,0
286,407,0
324,414,0
334,425,0
290,423,0
290,431,0
306,414,0
310,449,0
329,395,0
320,389,0
302,418,0
311,419,0
301,395,0
298,390,0
329,396,0
296,426,0
295,415,0
291,422,0
329,428,0
328,406,0
327,431,0
314,380,0
306,398,0
292,452,0
302,400,0
323,394,0
336,428,0
304,381,0
296,387,0
298,399,0
323,413,0
321,435,0
349,411,0
319,421,0
302,421,0
301,390,0
314,432,0
329,386,0
342,421,0
293,402,0
339,420,0
308,399,0
299,408,0
301,384,0
319,399,0
297,386,0
299,384,0
349,410,0
320,425,0
291,428,0
299,376,0
292,406,0
289,424,0
330,411,0
318,397,0
273,407,0
291,394,0
327,420,0
313,387,0
289,377,0
335,402,0
299,423,0
304,414,0
289,408,0
318,417,0
290,387,0
322,421,0
312,419,0
337,417,0
300,399,0
317,422,0
315,408,0
305,429,0
320,390,0
295,384,0
309,416,0
321,444,0
300,448,0
276,427,0
306,450,0
303,426,0
308,423,0
299,441,0
293,410,0
319,410,0
263,404,0
334,415,0
307,418,0
305,399,0
302,440,0
292,418,0
316,413,0
291,401,0
318,400,0
311,390,0
333,427,0
307,459,0
288,421,0
315,425,0
329,431,0
300,409,0
312,380,0
288,398,0
295,383,0
353,423,0
314,427,0
311,407,0
342,378,0
332,409,0
316,415,0
322,445,0
317,413,0
300,378,0
312,413,0
307,413,0
312,432,0
299,405,0
300,401,0
325,399,0
312,428,0
320,410,0
302,409,0
306,434,0
303,428,0
303,402,0
315,405,0
315,421,0
310,438,0
338,389,0
346,447,0
323,416,0
309,408,0
310,407,0
286,391,0
309,389,0
294,394,0
315,449,0
304,415,0
291,443,0
300,426,0
312,404,0
315,383,0
330,400,0
322,443,0
287,454,0
325,422,0
340,425,0
306,430,0
310,416,0
289,432,0
304,427,0
308,449,0
327,403,0
320,388,0
306,429,0
327,417,0
297,412,0
322,382,0
304,411,0
317,400,0
343,419,0
291,421,0
317,396,0
329,431,0
300,413,0
324,400,0
336,392,0
339,389,0
323,411,0
280,413,0
320,416,0
316,390,0
319,411,0
317,465,0
296,400,0
356,412,0
306,416,0
311,418,0
286,411,0
284,402,0
295,390,0
332,409,0
296,425,0
311,394,0
317,408,0
284,404,0
262,424,0
295,419,0
292,433,0
307,399,0
296,413,0
310,443,0
331,412,0
293,365,0
291,424,0
313,394,0
294,447,0
318,382,0
284,422,0
321,414,0
297,425,0
309,399,0
307,435,0
294,421,0
292,402,0
308,415,0
318,392,0
313,442,0
319,418,0
309,449,0
315,364,0
278,430,0
311,411,0
320,380,0
303,417,0
302,404,0
295,376,0
270,415,0
300,390,0
308,407,0
320,375,0
331,399,0
303,423,0
311,419,0
295,385,0
324,450,0
310,415,0
299,397,0
279,435,0
328,432,0
302,399,0
289,397,0
314,414,0
334,377,0
276,385,0
318,422,0
301,456,0
289,372,0
312,415,0
301,371,0
308,387,0
314,398,0
342,387,0
325,421,0
292,389,0
288,432,0
284,414,0
331,386,0
308,406,0
297,425,0
281,433,0
302,412,0
309,379,0
336,385,0
284,425,0
323,403,0
293,413,0
298,440,0
350,460,0
295,421,0
334,424,0
315,438,0
310,457,0
296,391,0
332,394,0
330,452,0
318,401,0
345,442,0
323,424,0
288,431,0
302,375,0
293,422,0
329,425,0
324,454,0
300,431,0
302,378,0
319,411,0
321,391,0
300,449,0
292,468,0
301,439,0
302,413,0
311,413,0
319,390,0
319,388,0
324,421,0
313,434,0
311,435,0
310,411,0
323,390,0
308,416,0
324,397,0
320,414,0
331,397,0
309,416,0
310,428,0
314,435,0
297,412,0
292,415,0
286,399,0
333,391,0
281,449,0
299,404,0
284,423,0
325,429,0
335,412,0
327,443,0
285,399,0
312,412,0
282,432,0
311,403,0
317,410,0
316,412,0
321,424,0
292,393,0
289,412,0
311,418,0
300,404,0
281,427,0
306,398,0
335,405,0
333,397,0
314,425,0
329,398,0
335,440,0
297,424,0
284,393,0
310,394,0
298,424,0
285,370,0
308,414,0
323,386,0
326,374,0
314,418,0
297,466,0
304,407,0
325,427,0
319,408,0
332,460,0
343,403,0
311,398,0
314,416,0
309,385,0
284,418,0
309,412,0
282,425,0
317,427,0
331,419,0
309,432,0
308,407,0
331,443,0
297,389,0
320,430,0
283,396,0
286,410,0
306,408,0
289,407,0
317,428,0
307,393,0
335,395,0
289,400,0
311,424,0
317,372,0
344,414,0
331,428,0
308,434,0
303,427,0
300,418,0
298,417,0
294,437,0
315,414,0
300,410,0
296,449,0
298,420,0
274,389,0
285,411,0
322,429,0
315,404,0
318,373,0
299,405,0
306,416,0
302,418,0
304,399,0
302,417,0
322,400,0
297,411,0
334,394,0
283,416,0
321,445,0
326,431,0
305,410,0
310,411,0
318,434,0
359,429,0
297,451,0
281,402,0
333,426,0
305,367,0
286,402,0
293,439,0
290,392,0
305,409,0
288,423,0
304,429,0
321,379,0
318,398,0
300,391,0
309,382,0
305,407,0
345,402,0
292,386,0
325,389,0
318,393,0
333,407,0
311,403,0
318,416,0
347,424,0
307,414,0
303,440,0
304,387,0
315,407,0
316,420,0
309,419,0
319,406,0
285,425,0
314,434,0
297,392,0
309,415,0
311,428,0
325,380,0
271,420,0
320,392,0
335,409,0
305,434,0
275,416,0
314,459,0
313,373,0
302,424,0
313,435,0
328,421,0
306,439,0
302,411,0
299,449,0
300,422,0
327,409,0
286,399,0
309,421,0
299,401,0
313,411,0
284,409,0
345,399,0
284,407,0
300,443,0
307,389,0
280,391,0
312,445,0
308,432,0
319,395,0
322,418,0
297,418,0
334,405,0
369,380,0
299,401,0
289,387,0
327,421,0
297,409,0
298,407,0
301,413,0
319,399,0
303,415,0
278,368,0
305,397,0
337,393,0
290,434,0
315,406,0
319,424,0
324,391,0
299,435,0
299,417,0
314,397,0
288,403,0
293,425,0
299,430,0
321,444,0
283,406,0
336,424,0
313,411,0
282,421,0
297,426,0
319,416,0
322,390,0
328,428,0
342,367,0
318,418,0
306,394,0
333,401,0
311,410,0
324,421,0
305,399,0
295,422,0
335,399,0
311,383,0
323,384,0
281,411,0
290,424,0
299,382,0
304,411,0
280,397,0
304,394,0
306,375,0
294,422,0
319,392,0
337,427,0
289,412,0
312,432,0
317,399,0
318,433,0
320,405,0
328,447,0
302,411,0
315,421,0
308,383,0
336,405,0
279,443,0
301,428,0
297,353,0
300,420,0
312,406,0
347,405,0
314,432,0
325,390,0
293,405,0
300,419,0
277,409,0
313,413,0
322,411,0
312,422,0
285,422,0
300,427,0
313,408,0
336,424,0
308,389,0
289,379,0
326,384,0
297,366,0
325,408,0
339,413,0
318,415,0
338,400,0
310,424,0
281,408,0
312,430,0
298,414,0
267,414,0
343,437,0
317,410,0
300,403,0
337,431,0
332,421,0
291,378,0
300,409,0
322,409,0
327,409,0
316,439,0
304,387,0
292,395,0
294,402,0
323,418,0
302,423,0
312,381,0
296,438,0
294,388,0
310,408,0
305,393,0
311,453,0
315,420,0
319,428,0
309,410,0
302,429,0
297,421,0
304,432,0
323,424,0
322,449,0
330,392,0
299,422,0
297,383,0
302,428,0
306,401,0
275,375,0
324,410,0
262,408,0
306,402,0
323,360,0
308,425,0
313,422,0
342,426,0
310,396,0
314,418,0
319,405,0
329,399,0
317,412,0
314,427,0
316,408,0
350,415,0
326,408,0
317,401,0
280,429,0
297,444,0
307,397,0
307,385,0
302,389,0
292,404,0
329,433,0
277,407,0
280,383,0
317,407,0
336,393,0
315,440,0
293,419,0
290,417,0
313,432,0
312,419,0
322,392,0
292,404,0
324,426,0
285,402,0
297,407,0
326,407,0
330,395,0
314,370,0
322,401,0
311,398,0
316,396,0
280,414,0
290,428,0
330,469,0
326,443,0
316,405,0
347,438,0
288,405,0
315,399,0
317,411,0
299,412,0
308,367,0
336,458,0
303,421,0
314,381,0
299,376,0
312,395,0
296,416,0
318,445,0
313,450,0
288,426,0
335,418,0
297,422,0
302,388,0
307,413,0
294,413,0
313,417,0
325,422,0
268,435,0
318,424,0
320,401,0
310,406,0
317,394,0
294,409,0
312,440,0
300,396,0
344,384,0
307,430,0
323,417,0
299,414,0
309,367,0
300,403,0
342,397,0
293,437,0
284,411,0
304,420,0
295,373,0
323,371,0
334,420,0
300,382,0
287,395,0
282,433,0
361,402,0
342,388,0
304,439,0
271,421,0
305,462,0
301,418,0
336,463,0
317,358,0
334,378,0
343,395,0
318,415,0
321,442,0
286,423,0
331,369,0
335,415,0
296,403,0
288,423,0
293,431,0
324,376,0
304,423,0
309,403,0
312,428,0
305,445,0
282,422,0
299,422,0
291,435,0
273,388,0
315,419,0
325,440,0
298,408,0
311,419,0
299,395,0
310,383,0
324,412,0
317,422,0
323,410,0
325,391,0
316,402,0
302,408,0
311,382,0
305,387,0
279,406,0
305,430,0
318,394,0
306,389,0
316,398,0
292,401,0
307,446,0
280,452,0
293,401,0
319,413,0
314,421,0
289,439,0
314,407,0
308,404,0
327,406,0
274,440,0
306,392,0
334,409,0
330,422,0
334,434,0
288,421,0
302,435,0
320,412,0
303,388,0
285,411,0
287,372,0
322,403,0
307,421,0
323,393,0
320,424,0
297,435,0
321,385,0
289,372,0
313,393,0
301,420,0
296,402,0
278,404,0
306,405,0
298,427,0
294,422,0
318,393,0
292,417,0
329,437,0
297,399,0
284,381,0
291,407,0
283,442,0
312,413,0
310,420,0
322,394,0
301,395,0
281,380,0
323,406,0
299,381,0
282,384,0
286,430,0
292,423,0
291,396,0
335,415,0
316,399,0
319,393,0
301,442,0
280,437,0
309,432,0
332,413,0
297,398,0
316,415,0
324,422,0
335,418,0
283,393,0
303,415,0
314,389,0
358,420,0
312,403,0
311,361,0
330,396,0
292,421,0
316,423,0
307,412,0
285,414,0
336,413,0
302,389,0
340,399,0
297,418,0
314,408,0
294,425,0
320,439,0
307,400,0
319,394,0
273,401,0
317,386,0
303,422,0
303,406,0
321,442,0
325,427,0
305,406,0
302,410,0
328,415,0
291,413,0
294,433,0
308,430,0
292,434,0
325,437,0
318,437,0
317,440,0
332,388,0
316,428,0
298,419,0
302,435,0
305,418,0
303,424,0
306,396,0
312,418,0
302,404,0
310,372,0
299,407,0
283,402,0
323,419,0
277,441,0
277,433,0
292,379,0
292,409,0
283,404,0
311,457,0
317,423,0
328,381,0
303,441,0
310,469,0
299,409,0
328,437,0
343,421,0
296,423,0
334,440,0
320,454,0
315,431,0
311,397,0
311,438,0
325,373,0
304,455,0
313,406,0
310,410,0
285,388,0
305,424,0
312,398,0
312,415,0
291,413,0
336,388,0
306,392,0
327,440,0
303,416,0
284,417,0
335,387,0
292,408,0
319,424,0
288,398,0
340,406,0
283,414,0
326,414,0
316,423,0
321,421,0
294,420,0
306,409,0
290,369,0
279,419,0
303,403,0
295,400,0
297,386,0
311,391,0
310,403,0
290,442,0
295,375,0
329,382,0
316,387,0
295,395,0
294,409,0
317,420,0
287,452,0
305,404,0
285,438,0
314,417,0
313,407,0
307,411,0
303,413,0
299,426,0
308,423,0
335,399,0
303,391,0
310,436,0
324,392,0
301,398,0
320,441,0
325,412,0
305,429,0
310,420,0
312,412,0
316,403,0
311,461,0
312,434,0
296,406,0
320,420,0
296,440,0
286,407,0
299,410,0
301,413,0
297,408,0
316,419,0
333,411,0
312,412,0
282,430,0
313,405,0
302,447,0
319,420,0
309,417,0
284,376,0
305,412,0
287,416,0
309,413,0
327,422,0
296,414,0
288,379,0
307,456,0
285,400,0
282,385,0
307,423,0
301,368,0
295,437,0
328,436,0
304,418,0
345,438,0
303,417,0
295,427,0
306,436,0
302,416,0
276,395,0
316,426,0
304,398,0
294,424,0
341,407,0
324,404,0
291,369,0
326,424,0
298,389,0
317,423,0
313,411,0
313,421,0
258,413,0
330,389,0
315,418,0
296,428,0
308,418,0
299,423,0
284,407,0
349,403,0
323,429,0
321,391,0
342,402,0
299,408,0
303,425,0
288,370,0
305,385,0
316,400,0
287,438,0
311,412,0
302,406,0
349,386,0
323,438,0
340,417,0
286,409,0
315,446,0
302,423,0
316,382,0
311,420,0
355,435,0
327,420,0
311,446,0
310,408,0
307,401,0
291,406,0
296,430,0
284,396,0
349,415,0
312,413,0
299,439,0
284,394,0
291,454,0
332,374,0
313,380,0
294,432,0
318,398,0
260,408,0
338,413,0
311,407,0
278,394,0
296,439,0
312,386,0
274,415,0
323,395,0
331,442,0
311,397,0
308,417,0
308,396,0
318,413,0
325,436,0
303,398,0
299,403,0
299,446,0
285,411,0
281,408,0
325,425,0
322,440,0
290,439,0
328,452,0
292,414,0
294,398,0
327,417,0
304,424,0
320,400,0
333,393,0
324,437,0
297,413,0
325,359,0
311,408,0
319,440,0
280,410,0
320,411,0
312,430,0
327,419,0
331,428,0
342,433,0
296,394,0
293,388,0
293,404,0
329,412,0
332,414,0
295,427,0
320,413,0
281,422,0
298,450,0
302,392,0
316,394,0
305,400,0
324,383,0
315,432,0
315,433,0
261,439,0
283,433,0
301,414,0
308,442,0
261,433,0
315,473,0
277,403,0
314,411,0
297,396,0
314,426,0
312,437,0
316,428,0
327,391,0
333,392,0
299,426,0
313,385,0
304,393,0
291,424,0
292,402,0
311,404,0
277,430,0
303,421,0
304,411,0
307,378,0
321,397,0
328,396,0
294,415,0
299,378,0
293,414,0
330,396,0
334,384,0
323,398,0
297,412,0
318,407,0
320,430,0
310,424,0
298,413,0
315,370,0
288,439,0
321,415,0
326,396,0
307,475,0
309,409,0
294,430,0
313,423,0
323,452,0
330,410,0
300,404,0
302,420,0
332,410,0
313,412,0
330,409,0
309,388,0
286,435,0
303,435,0
335,376,0
292,438,0
320,422,0
313,427,0
336,429,0
320,416,0
331,435,0
319,381,0
314,429,0
318,385,0
307,437,0
313,395,0
323,400,0
313,371,0
299,427,0
284,367,0
278,413,0
318,440,0
323,420,0
315,397,0
296,394,0
307,427,0
296,409,0
322,401,0
302,408,0
280,391,0
311,383,0
327,437,0
309,399,0
341,387,0
305,400,0
278,463,0
255,398,0
313,409,0
305,401,0
292,391,0
303,424,0
323,451,0
315,404,0
306,423,0
297,447,0
325,395,0
322,404,0
319,460,0
302,380,0
325,380,0
294,405,0
323,386,0
300,423,0
320,371,0
288,389,0
300,435,0
321,425,0
327,403,0
297,433,0
302,395,0
305,460,0
315,440,0
298,451,0
292,406,0
302,385,0
296,414,0
332,445,0
327,428,0
324,407,0
280,422,0
290,401,0
334,367,0
301,414,0
313,435,0
322,413,0
311,399,0
290,414,0
332,396,0
318,431,0
329,414,0
310,429,0
301,418,0
272,396,0
272,424,0
294,425,0
320,404,0
330,428,0
281,398,0
312,399,0
317,444,0
309,427,0
284,430,0
277,424,0
289,412,0
323,376,0
291,400,0
294,404,0
336,377,0
310,391,0
304,383,0
299,429,0
308,396,0
302,411,0
303,396,0
305,424,0
287,402,0
325,441,0
313,375,0
315,404,0
293,383,0
313,416,0
300,430,0
294,411,0
299,406,0
323,392,0
300,439,0
308,423,0
333,441,0
286,437,0
337,395,0
292,403,0
309,390,0
321,402,0
311,430,0
290,433,0
330,382,0
306,429,0
306,420,0
307,422,0
302,379,0
327,386,0
282,412,0
267,413,0
326,411,0
287,446,0
302,404,0
301,418,0
308,398,0
264,398,0
301,413,0
299,430,0
289,402,0
297,417,0
343,386,0
320,370,0
294,376,0
271,437,0
304,449,0
316,413,0
283,440,0
301,393,0
274,408,0
303,434,0
321,409,0
293,407,0
315,385,0
302,420,0
283,391,0
314,402,0
319,422,0
331,417,0
315,410,0
293,424,0
298,414,0
292,402,0
288,444,0
277,385,0
315,403,0
349,419,0
300,403,0
309,410,0
294,400,0
325,388,0
311,415,0
303,418,0
330,409,0
344,422,0
332,398,0
320,436,0
297,436,0
304,399,0
317,445,0
294,430,0
332,391,0
320,432,0
320,393,0
314,401,0
297,377,0
316,433,0
357,406,0
316,424,0
315,389,0
303,412,0
284,436,0
331,430,0
287,372,0
315,406,0
319,444,0
312,415,0
309,408,0
280,436,0
300,427,0
296,416,0
313,376,0
317,424,0
307,379,0
282,409,0
324,408,0
289,353,0
326,403,0
328,421,0
322,398,0
347,415,0
314,435,0
288,428,0
311,397,0
337,420,0
295,388,0
301,454,0
280,443,0
293,433,0
314,426,0
290,427,0
313,435,0
310,402,0
320,408,0
346,431,0
302,385,0
315,394,0
308,384,0
293,437,0
305,419,0
325,440,0
271,412,0
324,444,0
295,418,0
309,393,0
293,425,0
281,372,0
301,391,0
311,390,0
309,388,0
306,441,0
305,414,0
308,417,0
295,417,0
311,433,0
308,429,0
337,398,0
326,399,0
285,400,0
273,466,0
312,420,0
297,427,0
306,390,0
298,419,0
310,383,0
290,431,0
305,391,0
307,407,0
288,412,0
310,437,0
316,414,0
328,440,0
312,444,0
300,436,0
306,457,0
324,387,0
297,404,0
329,394,0
304,452,0
324,393,0
331,410,0
293,423,0
293,434,0
286,373,0
291,399,0
324,375,0
288,410,0
301,400,0
282,395,0
326,424,0
300,394,0
333,451,0
338,416,0
311,440,0
338,399,0
314,407,0
304,402,0
337,402,0
311,422,0
318,396,0
300,386,0
336,400,0
313,405,0
332,385,0
283,409,0
317,378,0
312,406,0
317,403,0
298,370,0
328,407,0
290,440,0
304,413,0
311,424,0
327,367,0
315,414,0
329,436,0
335,410,0
283,399,0
287,394,0
317,418,0
297,446,0
295,390,0
314,408,0
314,426,0
317,399,0
273,442,0
287,432,0
291,416,0
304,435,0
308,412,0
299,423,0
327,404,0
308,397,0
273,436,0
328,438,0
279,412,0
328,426,0
322,400,0
301,413,0
304,386,0
327,437,0
297,427,0
301,414,0
300,431,0
281,433,0
295,405,0
315,406,0
331,407,0
277,430,0
296,371,0
298,433,0
315,425,0
318,391,0
350,392,0
309,426,0
316,430,0
313,393,0
278,413,0
320,401,0
308,385,0
261,461,0
320,403,0
327,393,0
327,400,0
319,405,0
304,427,0
308,395,0
296,383,0
298,408,0
318,418,0
297,423,0
316,412,0
324,425,0
302,396,0
303,420,0
281,393,0
300,429,0
320,385,0
332,441,0
305,396,0
298,395,0
327,389,0
313,379,0
328,380,0
313,384,0
325,419,0
307,387,0
304,405,0
319,410,0
325,366,0
306,398,0
295,403,0
322,425,0
293,402,0
328,376,0
333,415,0
332,360,0
317,420,0
294,399,0
304,429,0
295,430,0
313,391,0
282,429,0
277,403,0
303,385,0
287,375,0
307,413,0
285,397,0
313,427,0
299,378,0
299,460,0
309,441,0
324,416,0
342,448,0
293,415,0
298,395,0
289,408,0
300,402,0
341,393,0
317,372,0
311,433,0
304,421,0
330,410,0
301,416,0
295,412,0
324,420,0
340,419,0
330,382,0
300,387,0
317,410,0
315,418,0
295,443,0
315,415,0
306,413,0
313,401,0
293,445,0
311,439,0
336,415,0
381,427,0
312,440,0
300,416,0
309,377,0
325,402,0
308,400,0
305,405,0
286,408,0
309,414,0
288,416,0
305,422,0
294,427,0
290,412,0
294,411,0
330,425,0
307,429,0
304,415,0
335,413,0
317,437,0
308,392,0
283,398,0
287,408,0
309,437,0
327,421,0
291,397,0
320,380,0
315,406,0
316,391,0
308,423,0
295,429,0
277,396,0
289,394,0
331,401,0
321,418,0
310,418,0
306,407,0
303,435,0
302,385,0
311,396,0
311,415,0
304,414,0
318,398,0
319,404,0
313,430,0
296,430,0
328,422,0
310,390,0
271,409,0
313,415,0
285,415,0
315,425,0
283,423,0
272,404,0
320,408,0
298,410,0
306,423,0
312,415,0
274,418,0
319,417,0
327,399,0
281,378,0
329,398,0
300,407,0
326,424,0
303,441,0
324,393,0
290,434,0
290,401,0
319,390,0
321,460,0
311,430,0
349,420,0
318,420,0
312,421,0
308,355,0
312,427,0
299,395,0
331,396,0
304,388,0
308,451,0
312,419,0
320,423,0
328,415,0
324,397,0
303,428,0
316,415,0
311,390,0
288,433,0
281,403,0
311,424,0
330,381,0
282,399,0
320,417,0
290,359,0
314,424,0
298,430,0
285,451,0
295,384,0
285,425,0
324,385,0
316,378,0
327,426,0
313,391,0
342,428,0
325,438,0
310,382,0
320,431,0
304,412,0
341,416,0
300,437,0
272,407,0
305,435,0
343,435,0
299,425,0
311,417,0
300,410,0
324,396,0
335,410,0
291,392,0
297,425,0
307,410,0
289,457,0
319,442,0
338,376,0
275,426,0
296,418,0
310,415,0
294,396,0
320,386,0
337,461,0
313,391,0
295,455,0
318,408,0
292,431,0
310,423,0
297,424,0
333,394,0
313,409,0
325,431,0
290,417,0
291,399,0
307,412,0
328,398,0
309,443,0
306,411,0
317,384,0
302,443,0
321,416,0
278,401,0
302,413,0
312,413,0
310,431,0
295,415,0
314,399,0
331,409,0
341,403,0
311,421,0
286,386,0
302,468,0
305,409,0
334,417,0
304,422,0
298,402,0
300,381,0
298,414,0
300,419,0
315,427,0
307,417,0
301,412,0
293,414,0
320,398,0
297,441,0
295,474,0
328,410,0
301,429,0
303,396,0
305,422,0
331,392,0
311,423,0
308,415,0
275,391,0
316,403,0
293,429,0
289,423,0
309,441,0
325,400,0
297,422,0
315,426,0
276,415,0
314,373,0
276,413,0
301,431,0
292,403,0
329,435,0
270,413,0
304,388,0
292,385,0
307,438,0
322,394,0
282,443,0
314,436,0
304,423,0
306,368,0
325,380,0
330,437,0
293,380,0
297,394,0
276,416,0
310,390,0
308,408,0
307,432,0
303,446,0
277,404,0
293,381,0
332,428,0
313,422,0
328,388,0
309,420,0
297,445,0
314,412,0
328,420,0
302,412,0
318,415,0
322,414,0
288,426,0
317,439,0
299,408,0
294,404,0
297,412,0
295,435,0
300,418,0
335,384,0
299,430,0
314,404,0
325,412,0
310,440,0
309,423,0
303,410,0
308,425,0
345,397,0
306,436,0
314,391,0
301,418,0
292,388,0
322,394,0
310,441,0
327,424,0
303,402,0
303,456,0
298,417,0
303,433,0
332,410,0
318,427,0
317,378,0
294,390,0
341,400,0
277,412,0
304,404,0
309,423,0
305,410,0
319,397,0
326,448,0
305,399,0
329,417,0
320,413,0
313,430,0
336,396,0
310,399,0
326,405,0
311,422,0
310,413,0
320,390,0
340,380,0
301,412,0
300,399,0
309,398,0
290,405,0
299,408,0
283,438,0
330,412,0
295,400,0
312,418,0
288,408,0
303,387,0
318,411,0
317,390,0
297,417,0
313,414,0
306,416,0
289,420,0
320,396,0
292,416,0
310,386,0
312,434,0
311,391,0
297,400,0
294,451,0
291,428,0
322,422,0
328,373,0
284,449,0
292,418,0
299,413,0
332,441,0
315,406,0
288,392,0
308,397,0
310,376,0
291,416,0
309,421,0
321,419,0
308,405,0
274,394,0
292,423,0
304,387,0
303,412,0
300,392,0
287,387,0
300,418,0
322,436,0
293,430,0
291,422,0
303,425,0
303,404,0
301,425,0
292,423,0
303,410,0
311,391,0
318,426,0
280,412,0
283,432,0
291,400,0
293,408,0
304,419,0
313,397,0
283,395,0
305,427,0
333,446,0
308,402,0
304,422,0
328,400,0
302,399,0
286,418,0
324,447,0
293,419,0
331,407,0
329,413,0
326,417,0
308,406,0
298,422,0
323,421,0
321,405,0
268,387,0
290,449,0
287,421,0
339,434,0
316,395,0
331,423,0
294,425,0
310,416,0
325,431,0
308,413,0
334,426,0
326,409,0
290,451,0
292,355,0
327,433,0
312,432,0
317,422,0
297,424,0
315,425,0
304,397,0
297,396,0
286,405,0
304,434,0
294,402,0
305,393,0
312,436,0
316,405,0
334,409,0
296,450,0
293,428,0
298,416,0
323,392,0
319,415,0
314,413,0
294,421,0
309,404,0
295,392,0
305,405,0
345,445,0
292,464,0
301,451,0
306,434,0
323,383,0
279,392,0
326,402,0
294,394,0
312,390,0
274,435,0
338,448,0
300,407,0
290,387,0
329,437,0
310,415,0
318,426,0
317,433,0
311,421,0
326,378,0
301,395,0
301,420,0
304,393,0
298,398,0
324,439,0
302,406,0
333,402,0
293,434,0
268,462,0
330,392,0
284,431,0
303,413,0
320,415,0
322,428,0
305,427,0
266,434,0
324,437,0
305,412,0
285,386,0
315,411,0
314,409,0
292,416,0
296,417,0
305,430,0
291,434,0
301,401,0
331,402,0
304,407,0
344,429,0
302,401,0
323,373,0
300,436,0
312,412,0
303,420,0
301,375,0
299,430,0
365,404,0
310,379,0
310,402,0
294,398,0
285,397,0
299,425,0
303,407,0
331,386,0
297,402,0
334,446,0
336,407,0
301,416,0
338,402,0
339,420,0
323,403,0
345,413,0
298,421,0
321,412,0
282,432,0
323,404,0
311,425,0
283,395,0
323,393,0
336,397,0
282,421,0
296,398,0
300,427,0
322,400,0
312,368,0
293,416,0
312,381,0
289,437,0
319,393,0
319,432,0
333,424,0
292,423,0
319,391,0
283,429,0
342,430,0
314,411,0
315,439,0
274,395,0
288,420,0
291,388,0
306,410,0
351,447,0
306,425,0
299,418,0
320,441,0
291,417,0
327,393,0
325,395,0
290,402,0
287,402,0
303,415,0
340,402,0
320,396,0
329,448,0
301,433,0
294,358,0
305,445,0
319,451,0
312,406,0
308,401,0
287,410,0
303,415,0
325,444,0
333,418,0
279,445,0
336,428,0
291,417,0
330,379,0
257,431,0
282,422,0
313,394,0
296,413,0
304,419,0
313,437,0
318,362,0
320,434,0
307,372,0
315,398,0
288,423,0
298,416,0
323,442,0
301,451,0
294,377,0
256,417,0
311,401,0
307,407,0
323,385,0
327,433,0
311,410,0
286,419,0
299,402,0
304,422,0
313,447,0
301,412,0
329,433,0
292,409,0
299,419,0
312,421,0
314,383,0
300,415,0
318,434,0
301,396,0
309,407,0
315,418,0
327,373,0
341,404,0
310,377,0
300,410,0
284,394,0
320,421,0
291,425,0
307,394,0
316,444,0
333,393,0
310,401,0
311,380,0
313,403,0
322,445,0
317,417,0
320,419,0
349,422,0
295,418,0
320,427,0
332,415,0
283,409,0
317,420,0
272,391,0
286,419,0
298,407,0
320,431,0
281,411,0
324,398,0
324,422,0
325,395,0
293,372,0
322,407,0
315,420,0
317,438,0
307,385,0
321,426,0
293,405,0
296,400,0
328,471,0
264,426,0
308,404,0
321,388,0
306,390,0
325,421,0
329,409,0
293,443,0
298,426,0
305,420,0
313,411,0
283,414,0
304,395,0
318,394,0
314,418,0
289,431,0
315,398,0
313,385,0
288,433,0
297,438,0
291,414,0
302,391,0
292,401,0
315,416,0
323,438,0
292,435,0
301,385,0
307,416,0
315,384,0
293,420,0
318,379,0
331,415,0
319,401,0
311,425,0
303,405,0
327,408,0
292,425,0
315,407,0
318,405,0
331,404,0
301,448,0
293,404,0
315,438,0
300,394,0
301,392,0
321,412,0
307,401,0
283,419,0
343,390,0
301,409,0
304,407,0
305,413,0
333,396,0
332,397,0
312,423,0
332,402,0
323,408,0
308,406,0
318,394,0
301,407,0
331,416,0
317,361,0
286,364,0
320,390,0
315,425,0
321,412,0
296,366,0
324,438,0
319,438,0
316,413,0
286,419,0
285,380,0
355,429,0
315,407,0
321,417,0
302,386,0
311,387,0
322,386,0
346,407,0
318,435,0
305,406,0
333,403,0
296,410,0
326,420,0
319,420,0
292,396,0
314,395,0
301,405,0
301,447,0
294,441,0
303,414,0
332,446,0
342,377,0
326,422,0
302,433,0
315,424,0
281,406,0
311,426,0
295,425,0
320,379,0
309,427,0
286,407,0
310,388,0
301,428,0
298,423,0
298,409,0
279,420,0
316,410,0
331,425,0
277,417,0
325,388,0
314,415,0
291,445,0
305,400,0
309,406,0
319,416,0
322,399,0
320,386,0
295,412,0
307,452,0
322,449,0
313,408,0
309,400,0
315,385,0
298,436,0
291,408,0
331,397,0
340,410,0
323,429,0
314,396,0
312,427,0
337,421,0
319,404,0
317,411,0
306,430,0
327,397,0
289,421,0
270,398,0
327,384,0
295,396,0
325,442,0
315,394,0
309,439,0
315,404,0
315,450,0
312,381,0
288,411,0
303,427,0
315,384,0
295,450,0
311,420,0
289,396,0
332,441,0
306,401,0
296,403,0
319,437,0
328,472,0
285,434,0
322,403,0
303,429,0
308,412,0
304,387,0
298,441,0
318,376,0
314,472,0
327,404,0
330,430,0
332,431,0
297,431,0
325,396,0
304,416,0
319,427,0
307,450,0
316,369,0
297,420,0
297,406,0
325,435,0
316,431,0
320,414,0
314,395,0
316,419,0
298,406,0
321,383,0
289,428,0
318,406,0
311,408,0
308,414,0
292,436,0
290,391,0
290,427,0
310,413,0
337,392,0
308,438,0
315,422,0
332,401,0
332,408,0
301,394,0
308,422,0
303,446,0
322,385,0
303,442,0
324,433,0
312,370,0
293,405,0
323,405,0
273,418,0
316,399,0
334,394,0
311,393,0
309,387,0
345,387,0
313,402,0
293,435,0
305,420,0
309,449,0
300,415,0
308,380,0
303,422,0
282,399,0
285,430,0
328,413,0
320,420,0
312,397,0
324,407,0
321,411,0
292,399,0
320,433,0
300,384,0
303,411,0
306,392,0
335,409,0
300,392,0
321,388,0
302,443,0
350,405,0
319,387,0
286,387,0
329,428,0
288,440,0
300,374,0
295,395,0
319,384,0
311,405,0
334,387,0
325,412,0
332,411,0
351,378,0
339,419,0
338,406,0
294,398,0
299,441,0
296,405,0
330,424,0
316,411,0
280,436,0
313,378,0
288,368,0
326,404,0
293,404,0
358,412,0
295,412,0
280,429,0
295,390,0
333,367,0
276,398,0
307,401,0
323,407,0
323,448,0
291,434,0
301,433,0
298,407,0
325,411,0
295,409,0
321,427,0
298,441,0
331,398,0
298,435,0
318,407,0
325,402,0
312,399,0
324,385,0
299,395,0
328,414,0
334,440,0
331,362,0
308,450,0
323,402,0
304,421,0
308,418,0
274,417,0
320,411,0
303,420,0
310,397,0
305,419,0
309,437,0
327,439,0
311,468,0
319,398,0
322,449,0
311,386,0
288,473,0
309,415,0
292,416,0
307,405,0
309,403,0
295,367,0
303,422,0
332,406,0
299,416,0
276,380,0
349,387,0
318,398,0
299,440,0
303,441,0
297,413,0
315,399,0
318,404,0
285,411,0
329,444,0
341,384,0
316,435,0
300,418,0
308,407,0
312,418,0
317,435,0
294,395,0
295,400,0
317,389,0
289,412,0
298,431,0
342,453,0
313,398,0
316,418,0
298,404,0
310,402,0
319,405,0
298,413,0
290,458,0
324,399,0
347,415,0
308,395,0
318,395,0
288,414,0
306,416,0
320,429,0
329,403,0
326,419,0
302,433,0
309,444,0
320,441,0
323,395,0
307,412,0
336,420,0
299,402,0
318,395,0
287,409,0
304,418,0
324,389,0
317,401,0
328,421,0
292,393,0
318,406,0
286,410,0
308,428,0
322,408,0
296,408,0
319,427,0
283,410,0
294,395,0
294,391,0
325,406,0
283,418,0
309,408,0
296,385,0
303,423,0
298,426,0
332,383,0
305,406,0
301,412,0
279,421,0
315,382,0
282,406,0
331,405,0
316,458,0
330,421,0
314,413,0
356,424,0
298,414,0
325,408,0
289,413,0
303,406,0
311,413,0
308,424,0
318,402,0
326,368,0
329,376,0
322,453,0
279,419,0
290,380,0
293,402,0
278,423,0
289,418,0
307,396,0
307,418,0
262,413,0
316,406,0
319,436,0
277,396,0
325,420,0
307,436,0
291,433,0
295,404,0
306,429,0
309,393,0
274,443,0
288,411,0
315,388,0
312,390,0
322,439,0
324,441,0
298,380,0
325,407,0
292,419,0
289,409,0
302,416,0
302,436,0
295,412,0
312,440,0
291,455,0
280,425,0
322,406,0
303,430,0
305,376,0
317,382,0
304,418,0
323,423,0
272,416,0
308,388,0
295,449,0
320,409,0
314,430,0
286,413,0
293,388,0
286,421,0
299,413,0
293,421,0
285,405,0
298,383,0
325,421,0
281,411,0
299,397,0
327,401,0
312,387,0
336,426,0
302,406,0
297,425,0
317,430,0
310,426,0
310,405,0
305,439,0
307,409,0
315,404,0
310,428,0
312,414,0
322,395,0
303,385,0
300,433,0
307,427,0
297,450,0
308,402,0
306,391,0
335,403,0
291,418,0
292,415,0
286,419,0
321,411,0
286,473,0
318,412,0
302,417,0
322,424,0
313,400,0
295,433,0
329,431,0
316,399,0
291,440,0
335,401,0
307,411,0
314,420,0
314,428,0
298,429,0
264,424,0
306,413,0
314,394,0
308,422,0
300,407,0
318,407,0
317,414,0
327,396,0
339,377,0
301,416,0
296,412,0
298,412,0
294,405,0
331,400,0
286,418,0
316,435,0
296,365,0
311,411,0
316,401,0
333,393,0
275,437,0
300,410,0
290,410,0
304,412,0
313,396,0
321,423,0
323,432,0
295,390,0
312,395,0
288,399,0
298,394,0
299,428,0
280,431,0
290,425,0
314,394,0
295,413,0
298,437,0
291,422,0
286,429,0
326,371,0
304,414,0
316,428,0
314,422,0
287,387,0
303,440,0
333,456,0
294,423,0
287,390,0
318,414,0
321,398,0
302,389,0
307,392,0
265,388,0
318,436,0
345,425,0
310,425,0
311,420,0
339,412,0
312,434,0
301,433,0
317,427,0
317,415,0
310,468,0
300,417,0
312,425,0
279,393,0
312,451,0
314,414,0
305,423,0
307,365,0
314,419,0
316,403,0
302,409,0
298,439,0
315,413,0
330,399,0
323,410,0
281,414,0
311,388,0
323,413,0
321,399,0
291,418,0
299,402,0
308,399,0
316,415,0
304,411,0
307,459,0
299,446,0
315,413,0
333,422,0
323,360,0
288,407,0
337,377,0
300,394,0
296,398,0
322,419,0
287,403,0
312,427,0
290,398,0
310,444,0
295,415,0
293,410,0
306,421,0
318,411,0
304,396,0
300,411,0
315,433,0
284,393,0
304,421,0
314,417,0
276,407,0
318,382,0
319,414,0
302,425,0
295,431,0
299,406,0
321,404,0
311,435,0
319,395,0
306,429,0
296,423,0
297,397,0
335,411,0
325,470,0
306,440,0
313,410,0
283,389,0
302,407,0
283,413,0
319,396,0
331,410,0
258,405,0
334,413,0
284,408,0
301,380,0
313,388,0
312,414,0
293,420,0
318,404,0
311,420,0
302,403,0
312,390,0
316,398,0
295,402,0
294,411,0
312,412,0
330,404,0
314,453,0
296,468,0
305,406,0
290,402,0
286,397,0
319,432,0
303,422,0
307,444,0
320,418,0
251,410,0
325,382,0
298,386,0
321,391,0
302,393,0
298,405,0
321,413,0
298,396,0
296,436,0
294,411,0
301,399,0
324,413,0
322,387,0
322,426,0
276,463,0
314,433,0
300,422,0
311,403,0
325,415,0
297,442,0
286,419,0
294,374,0
336,421,0
324,415,0
327,420,0
324,404,0
292,424,0
271,412,0
316,400,0
330,395,0
287,395,0
300,408,0
308,393,0
298,395,0
301,418,0
282,414,0
278,411,0
304,412,0
321,401,0
329,433,0
336,402,0
309,441,0
290,410,0
290,437,0
319,399,0
277,409,0
307,399,0
294,408,0
298,398,0
321,407,0
316,434,0
278,399,0
304,433,0
308,392,0
279,400,0
311,415,0
324,402,0
330,414,0
289,392,0
311,423,0
317,428,0
323,389,0
277,400,0
300,427,0
323,403,0
307,391,0
309,413,0
301,391,0
313,411,0
319,407,0
294,392,0
310,418,0
311,429,0
295,392,0
322,425,0
310,418,0
323,405,0
308,389,0
296,416,0
331,398,0
287,443,0
312,391,0
305,437,0
319,420,0
318,419,0
310,362,0
285,369,0
321,417,0
317,383,0
336,429,0
309,399,0
304,414,0
314,443,0
309,398,0
319,408,0
336,414,0
345,452,0
275,397,0
312,397,0
299,412,0
295,410,0
331,412,0
279,393,0
325,451,0
308,395,0
329,442,0
304,406,0
304,464,0
323,388,0
275,438,0
313,427,0
295,418,0
300,420,0
336,440,0
298,434,0
322,435,0
300,451,0
282,419,0
270,368,0
292,438,0
320,416,0
310,399,0
312,398,0
300,439,0
268,417,0
311,411,0
292,393,0
330,411,0
301,421,0
285,392,0
313,401,0
335,406,0
299,421,0
297,406,0
317,377,0
311,359,0
287,404,0
306,428,0
291,436,0
309,400,0
293,384,0
321,418,0
301,414,0
287,405,0
322,436,0
306,434,0
308,411,0
313,439,0
289,439,0
286,393,0
365,387,0
320,408,0
311,431,0
319,437,0
294,402,0
309,392,0
352,395,0
319,392,0
286,432,0
299,400,0
351,407,0
311,412,0
312,399,0
321,409,0
312,404,0
315,385,0
313,432,0
334,403,0
337,418,0
349,384,0
316,450,0
284,426,0
299,395,0
298,424,0
296,391,0
333,414,0
313,387,0
311,404,0
312,395,0
314,424,0
299,411,0
305,462,0
332,415,0
331,389,0
300,394,0
300,392,0
300,423,0
300,431,0
323,392,0
340,425,0
307,398,0
284,410,0
319,419,0
321,380,0
326,457,0
330,375,0
325,392,0
322,408,0
330,410,0
322,408,0
297,403,0
289,416,0
324,430,0
318,416,0
291,413,0
311,419,0
307,384,0
325,422,0
336,423,0
305,415,0
316,422,0
332,431,0
307,397,0
289,418,0
295,403,0
300,436,0
288,389,0
323,387,0
320,390,0
305,408,0
302,387,0
287,436,0
318,420,0
324,415,0
306,417,0
315,433,0
299,402,0
332,416,0
298,378,0
332,407,0
350,409,0
325,416,0
316,414,0
319,408,0
305,441,0
325,397,0
317,408,0
320,385,0
319,382,0
316,401,0
314,403,0
326,432,0
319,394,0
314,387,0
318,420,0
324,408,0
265,406,0
288,387,0
320,406,0
309,376,0
291,405,0
318,414,0
335,392,0
320,414,0
297,402,0
296,407,0
314,411,0
291,387,0
297,368,0
286,424,0
297,426,0
312,399,0
328,411,0
295,401,0
360,409,0
302,418,0
269,383,0
291,408,0
300,406,0
321,409,0
277,414,0
310,417,0
325,471,0
312,449,0
293,441,0
329,420,0
278,399,0
302,437,0
321,395,0
337,386,0
321,402,0
280,408,0
302,431,0
315,429,0
323,441,0
321,460,0
324,405,0
313,459,0
306,437,0
289,385,0
305,435,0
302,380,0
330,398,0
308,399,0
286,358,0
294,390,0
303,405,0
298,392,0
285,400,0
359,417,0
314,409,0
317,415,0
296,399,0
309,385,0
326,424,0
310,385,0
304,404,0
295,424,0
325,410,0
306,420,0
310,409,0
319,416,0
321,423,0
337,438,0
321,427,0
335,413,0
312,411,0
298,476,0
308,437,0
332,441,0
320,417,0
298,430,0
334,400,0
288,442,0
305,401,0
318,404,0
284,416,0
286,373,0
309,398,0
327,410,0
306,388,0
326,413,0
295,401,0
314,435,0
279,441,0
291,408,0
249,418,0
316,370,0
314,390,0
302,416,0
309,415,0
289,422,0
291,426,0
310,393,0
302,426,0
325,376,0
299,401,0
325,405,0
318,401,0
289,377,0
317,396,0
269,423,0
309,395,0
320,414,0
273,432,0
302,405,0
300,418,0
314,415,0
312,400,0
308,438,0
294,408,0
318,437,0
317,400,0
335,381,0
301,386,0
330,420,0
295,372,0
289,440,0
300,355,0
292,413,0
315,373,0
273,401,0
329,437,0
306,406,0
314,427,0
336,405,0
283,432,0
333,419,0
317,417,0
304,370,0
302,419,0
296,388,0
302,393,0
308,384,0
295,434,0
303,404,0
325,425,0
345,442,0
289,413,0
281,444,0
306,443,0
308,409,0
313,392,0
304,387,0
291,442,0
319,410,0
300,414,0
329,380,0
286,400,0
314,382,0
293,440,0
291,427,0
300,443,0
284,404,0
319,419,0
311,411,0
283,420,0
307,432,0
306,388,1
301,445,0
314,397,0
292,430,0
295,409,0
329,406,0
300,478,0
330,376,0
322,424,0
298,406,0
328,422,0
305,410,0
337,381,0
308,421,0
310,450,0
343,429,0
274,413,0
300,406,0
323,417,0
291,397,0
324,418,0
311,374,0
320,418,0
317,429,0
305,425,0
302,389,0
290,415,0
316,386,0
302,413,0
329,379,0
282,386,0
349,411,0
287,394,0
290,395,0
339,389,0
294,440,0
331,398,0
282,407,0
340,399,0
320,380,0
330,411,0
319,407,0
344,408,0
310,413,0
303,423,0
283,390,0
329,430,0
275,422,0
307,396,0
353,412,0
314,413,0
325,395,0
318,412,0
311,438,0
324,400,0
311,433,0
294,431,0
331,440,0
290,421,0
325,442,0
321,376,0
324,421,0
314,427,0
302,416,0
331,414,0
316,414,0
274,421,0
298,430,0
281,404,0
289,437,0
319,410,0
309,405,0
297,413,0
297,419,0
339,417,0
301,431,0
313,401,0
322,369,0
309,426,0
302,396,0
288,445,0
333,419,0
320,412,0
308,405,0
346,430,0
286,402,0
366,366,0
347,414,0
295,424,0
292,413,0
315,408,0
310,423,0
303,366,0
281,439,0
298,426,0
275,402,0
358,372,0
315,406,0
300,376,0
304,432,0
318,405,0
298,409,0
321,432,0
288,441,0
285,401,0
282,415,0
315,422,0
316,413,0
322,367,0
305,393,0
339,417,0
329,419,0
291,466,0
284,398,0
292,406,0
329,381,0
330,435,0
311,428,0
298,419,0
303,432,0
307,455,0
312,386,0
301,424,0
332,428,0
291,433,0
329,393,0
297,421,0
310,423,0
313,435,0
284,407,0
298,417,0
324,432,0
313,387,0
288,405,0
312,401,0
324,408,0
298,408,0
335,381,0
293,417,0
308,405,0
318,449,0
332,437,0
318,426,0
304,417,0
326,413,0
276,426,0
304,390,0
327,395,0
283,400,0
309,393,0
332,417,0
259,398,0
321,386,0
279,399,0
318,374,0
294,393,0
331,409,0
302,442,0
341,366,0
306,415,0
340,445,0
277,431,0
301,406,0
307,385,0
303,433,0
299,418,0
291,396,0
278,390,0
281,434,0
331,446,0
323,439,0
307,408,0
316,410,0
312,426,0
298,414,0
342,464,0
325,415,0
286,425,0
324,407,0
330,429,0
327,419,0
325,427,0
383,382,0
311,416,0
280,427,0
336,403,0
279,357,0
298,381,0
319,401,0
343,415,0
320,376,0
306,411,0
314,393,0
280,421,0
307,402,0
303,391,0
323,395,0
314,424,0
325,388,0
304,407,0
343,429,0
319,384,0
333,443,0
309,432,0
306,367,0
306,427,0
288,397,0
308,394,0
313,435,0
318,383,0
295,425,0
291,428,0
316,398,0
314,448,0
279,384,0
289,395,0
344,397,0
287,415,0
272,417,0
331,430,0
300,423,0
294,412,0
293,423,0
316,428,0
300,406,0
305,394,0
304,414,0
315,386,0
309,436,0
310,398,0
318,389,0
302,429,0
305,379,0
316,427,0
310,427,0
311,373,0
337,417,0
298,414,0
310,403,0
332,373,0
312,428,0
318,403,0
330,410,0
325,412,0
303,378,0
301,403,0
313,425,0
322,381,0
276,444,0
344,410,0
332,414,0
303,421,0
307,396,0
317,374,0
321,462,0
328,406,0
308,481,0
311,406,0
335,444,0
315,434,0
357,389,0
318,427,0
306,402,0
305,421,0
318,420,0
303,403,0
297,400,0
275,385,0
286,414,0
295,401,0
301,393,0
270,435,0
308,368,0
296,416,0
305,421,0
288,391,0
289,405,0
324,452,0
314,384,0
312,410,0
307,415,0
320,409,0
290,409,0
274,390,0
340,409,0
306,420,0
318,425,0
318,388,0
331,411,0
271,419,0
313,421,0
310,407,0
299,417,0
305,430,0
294,387,0
305,388,0
309,441,0
323,424,0
283,400,0
312,397,0
303,407,0
289,416,0
301,417,0
307,388,0
331,416,0
319,443,0
309,347,0
308,418,0
312,447,0
320,417,0
347,406,0
306,441,0
320,409,0
328,379,0
334,418,0
309,425,0
297,416,0
300,424,0
270,430,0
312,405,0
327,440,0
307,409,0
313,413,0
336,410,0
300,422,0
309,406,0
330,405,0
295,427,0
288,408,0
306,421,0
315,421,0
301,420,0
319,411,0
286,477,0
283,411,0
310,421,0
315,416,0
297,430,0
275,396,0
356,361,0
314,386,0
283,412,0
346,410,0
339,438,0
309,393,0
310,418,0
275,403,0
328,412,0
316,427,0
280,391,0
277,396,0
294,374,0
311,390,0
283,386,0
307,426,0
286,406,0
305,397,0
304,399,0
330,437,0
345,430,0
290,400,0
317,422,0
317,410,0
309,421,0
287,387,0
282,430,0
351,414,0
323,407,0
281,390,0
291,410,0
284,404,0
292,409,0
346,394,0
313,420,0
296,403,0
284,404,0
316,417,0
282,397,0
305,411,0
312,416,0
297,427,0
271,449,0
302,419,0
319,397,0
292,377,0
296,441,0
293,413,0
310,410,0
288,403,0
316,383,0
310,399,0
290,394,0
323,426,0
318,395,0
293,417,0
302,398,0
308,423,0
296,378,0
318,420,0
307,420,0
297,402,0
320,407,0
333,427,0
304,412,0
321,420,0
313,383,0
299,424,0
322,464,0
285,459,0
306,378,0
317,388,0
304,390,0
310,402,0
295,426,0
328,394,0
288,399,0
327,400,0
314,382,0
306,414,0
328,386,0
306,439,0
313,439,0
286,405,0
312,417,0
331,387,0
285,427,0
300,432,0
291,390,0
316,437,0
287,395,0
285,432,0
312,385,0
312,413,0
277,380,0
305,406,0
315,431,0
302,443,0
279,425,0
308,396,0
314,421,0
324,417,0
304,444,0
317,411,0
305,424,0
337,405,0
298,418,0
285,399,0
330,401,0
308,404,0
289,425,0
302,408,0
321,421,0
289,409,0
276,406,0
289,417,0
294,420,0
327,441,0
309,374,0
304,416,0
316,415,0
309,376,0
308,416,0
313,402,0
305,442,0
349,392,0
328,432,0
313,450,0
318,393,0
314,434,0
315,416,0
313,421,0
330,420,0
313,428,0
321,389,0
299,435,0
294,409,0
315,426,0
296,399,0
311,447,0
293,454,0
299,402,0
308,441,0
338,429,0
331,412,0
298,393,0
325,430,0
293,411,0
288,380,0
321,417,0
336,421,0
306,430,0
315,431,0
340,383,0
332,403,0
294,464,0
291,410,0
305,390,0
317,389,0
313,413,0
316,399,0
310,398,0
331,415,0
307,424,0
303,424,0
317,385,0
290,450,0
321,397,0
304,396,0
305,377,0
270,453,0
290,430,0
288,387,0
354,434,0
316,399,0
289,420,0
320,418,0
303,438,0
288,446,0
321,432,0
305,471,0
310,383,0
319,406,0
295,412,0
314,415,0
290,383,0
311,417,0
287,397,0
307,414,0
296,427,0
294,410,0
325,396,0
300,419,0
291,414,0
307,411,0
285,452,0
319,435,0
303,402,0
320,413,0
297,402,0
332,435,0
288,413,0
303,387,0
319,398,0
311,416,0
294,425,0
295,419,0
283,402,0
323,404,0
292,415,0
318,420,0
309,414,0
288,427,0
308,409,0
330,424,0
306,428,0
296,467,0
296,440,0
326,399,0
293,366,0
290,404,0
280,427,0
338,423,0
295,414,0
305,448,0
309,402,0
295,400,0
328,412,0
330,388,0
323,384,0
312,408,0
323,410,0
317,423,0
332,395,0
328,466,0
311,416,0
301,435,0
299,385,0
292,411,0
309,414,0
299,400,0
321,390,0
281,411,0
309,430,0
337,412,0
294,426,0
291,403,0
295,403,0
326,421,0
288,466,0
324,407,0
308,419,0
295,417,0
341,403,0
278,393,0
313,404,0
337,442,0
308,404,0
301,400,0
316,410,0
303,412,0
299,399,0
293,422,0
323,422,0
294,409,0
293,449,0
307,416,0
292,418,0
324,434,0
301,399,0
277,389,0
300,398,0
318,438,0
313,430,0
285,420,0
336,449,0
293,415,0
300,414,0
316,395,0
302,422,0
285,434,0
305,421,0
294,392,0
340,390,0
319,429,0
341,441,0
283,408,0
304,400,0
314,410,0
330,395,0
299,385,0
293,383,0
315,405,0
330,391,0
295,394,0
301,422,0
306,402,0
320,414,0
335,421,0
301,432,0
314,401,0
335,412,0
318,379,0
299,387,0
305,410,0
318,417,0
322,433,0
290,416,0
331,405,0
304,394,0
330,436,0
323,410,0
340,409,0
300,434,0
339,417,0
318,403,0
294,429,0
314,410,0
309,429,0
281,428,0
294,386,0
310,418,0
312,414,0
311,416,0
300,411,0
302,438,0
294,439,0
296,420,0
271,388,0
287,429,0
296,410,0
313,440,0
342,397,0
307,404,0
295,406,0
334,427,0
311,379,0
277,403,0
306,420,0
300,425,0
323,373,0
332,392,0
306,369,0
327,397,0
301,414,0
323,432,0
295,413,0
288,400,0
345,427,0
303,372,0
296,449,0
332,377,0
297,420,0
307,441,0
330,442,0
332,397,0
302,408,0
322,384,0
348,394,0
327,371,0
311,394,0
332,413,0
354,419,0
299,380,0
351,405,0
317,426,0
339,431,0
313,397,0
321,422,0
309,423,0
320,429,0
291,406,0
332,405,0
312,407,0
315,410,0
289,426,0
288,445,0
322,424,0
342,406,0
311,415,0
313,443,0
321,373,0
295,413,0
315,426,0
277,418,0
301,426,0
278,412,0
313,436,0
341,379,0
338,419,0
317,406,0
320,407,0
295,394,0
327,425,0
349,427,0
311,427,0
305,408,0
302,456,0
313,379,0
294,404,0
330,448,0
269,424,0
308,416,0
288,415,0
323,408,0
322,434,0
325,428,0
336,433,0
319,401,0
280,417,0
323,438,0
322,420,0
324,429,0
321,410,0
296,397,0
326,434,0
317,384,0
333,407,0
292,412,0
321,406,0
323,424,0
334,413,0
278,393,0
315,421,0
326,381,0
312,400,0
292,463,0
280,393,0
324,391,0
328,414,0
303,378,0
301,414,0
322,450,0
303,438,0
299,433,0
317,410,0
306,454,0
309,443,0
306,411,0
308,441,0
278,406,0
293,398,0
324,418,0
319,373,0
320,431,0
337,402,0
291,406,0
321,396,0
304,409,0
274,425,0
307,431,0
299,408,0
326,408,0
321,409,0
273,363,0
333,415,0
302,426,0
306,425,0
314,426,0
290,407,0
312,427,0
284,421,0
337,446,0
317,402,0
293,413,0
324,387,0
306,400,0
290,461,0
310,385,0
301,411,0
324,414,0
278,424,0
296,406,0
302,394,0
320,408,0
315,369,0
301,403,0
322,417,0
293,428,0
290,384,0
330,398,0
297,397,0
312,445,0
293,423,0
326,402,0
333,441,0
310,383,0
297,389,0
314,402,0
309,434,0
311,410,0
308,402,0
304,421,0
301,399,0
302,372,0
304,393,0
331,429,0
307,424,0
296,412,0
312,415,0
305,368,0
322,420,0
307,373,0
313,413,0
301,445,0
269,415,0
298,409,0
303,370,0
283,401,0
299,421,0
283,423,0
336,363,0
326,424,0
334,403,0
307,407,0
338,423,0
301,413,0
292,438,0
303,425,0
296,366,0
326,441,0
290,437,0
307,410,0
297,397,0
292,460,0
315,403,0
304,403,0
311,411,0
300,433,0
304,410,0
325,427,0
301,405,0
318,405,0
331,424,0
323,427,0
322,417,0
288,402,0
267,413,0
277,400,0
327,404,0
346,452,0
321,420,0
303,440,0
274,389,0
322,408,0
288,416,0
294,391,0
311,415,0
321,407,0
345,439,0
304,391,0
318,397,0
329,417,0
294,407,0
326,389,0
334,388,0
305,392,0
301,400,0
300,429,0
299,401,0
308,394,0
297,433,0
317,417,0
317,442,0
326,392,0
293,417,0
276,448,0
330,423,0
277,411,0
298,415,0
307,403,0
287,406,0
305,435,0
290,372,0
305,390,0
305,423,0
293,407,0
293,401,0
326,442,0
308,418,0
318,389,0
294,392,0
306,402,0
325,398,0
311,386,0
297,448,0
304,400,0
319,419,0
311,430,0
314,416,0
294,426,0
296,406,0
321,399,0
313,405,0
339,385,0
331,386,0
281,389,0
292,396,0
314,459,0
321,411,0
327,445,0
320,425,0
310,434,0
333,406,0
331,386,0
301,400,0
312,388,0
308,418,0
312,407,0
304,427,0
285,423,0
344,407,0
341,421,0
316,405,0
285,380,0
322,431,0
319,400,0
305,420,0
304,383,0
298,391,0
325,397,0
306,386,0
291,416,0
314,398,0
319,411,0
299,393,0
280,384,0
325,389,0
316,415,0
317,418,0
334,403,0
299,434,0
302,384,0
315,405,0
297,401,0
281,403,0
303,421,0
315,424,0
280,438,0
317,415,0
331,395,0
325,393,0
301,396,0
306,409,0
335,409,0
322,401,0
324,403,0
281,431,0
323,400,0
299,430,0
280,388,0
336,409,0
318,426,0
311,392,0
328,407,0
308,443,0
298,418,0
321,431,0
290,372,0
319,416,0
312,429,0
307,385,0
285,438,0
316,418,0
324,432,0
320,397,0
297,405,0
326,402,0
287,420,0
287,421,0
299,399,0
291,394,0
304,372,0
320,374,0
319,426,0
313,399,0
332,439,0
336,406,0
282,387,0
312,399,0
324,406,0
347,385,0
307,376,0
306,449,0
287,452,0
284,402,0
327,433,0
309,428,0
330,379,0
308,427,0
324,389,0
298,390,0
294,429,0
302,393,0
331,435,0
315,433,0
303,437,0
291,427,0
318,394,0
302,417,0
309,390,0
305,402,0
333,403,0
306,415,0
315,430,0
331,417,0
258,397,0
311,434,0
334,461,0
286,428,0
295,393,0
297,426,0
320,429,0
289,392,0
287,407,0
311,427,0
298,415,0
270,409,0
313,376,0
330,400,0
312,404,0
332,426,0
303,415,0
323,403,0
290,425,0
325,391,0
297,423,0
323,388,0
299,420,0
330,428,0
303,423,0
308,385,0
302,420,0
295,433,0
283,389,0
293,411,0
304,400,0
298,384,0
345,414,0
311,414,0
299,441,0
305,399,0
312,365,0
285,422,0
310,431,0
273,394,0
298,397,0
307,383,0
317,423,0
323,423,0
344,455,0
308,435,0
307,389,0
312,394,0
326,389,0
317,409,0
308,443,0
328,420,0
292,389,0
326,389,0
324,429,0
308,435,0
333,415,0
301,435,0
347,436,0
320,420,0
318,434,0
302,438,0
263,413,0
316,404,0
304,482,0
318,398,0
320,422,0
304,393,0
322,394,0
289,429,0
286,402,0
307,391,0
311,405,0
266,390,0
328,413,0
305,412,0
307,400,0
292,418,0
303,395,0
303,434,0
297,365,0
312,378,0
332,400,0
276,407,0
328,436,0
312,387,0
290,390,0
319,387,0
276,432,0
296,418,0
326,444,0
297,398,0
327,408,0
297,428,0
341,441,0
293,401,0
308,388,0
319,389,0
342,416,0
278,400,0
335,394,0
299,415,0
315,410,0
305,410,0
311,414,0
305,401,0
293,413,0
295,408,0
321,444,0
295,419,0
304,393,0
319,389,0
284,417,0
274,389,0
286,419,0
317,419,0
307,400,0
300,432,0
300,415,0
287,438,0
299,410,0
323,410,0
318,370,0
310,385,0
314,418,0
311,421,0
299,410,0
306,439,0
329,427,0
274,425,0
336,409,0
303,431,0
303,429,0
320,390,0
293,407,0
307,411,0
329,380,0
299,397,0
312,390,0
294,393,0
323,436,0
306,407,0
311,405,0
307,364,0
298,385,0
305,407,0
275,411,0
323,428,0
326,417,0
293,382,0
295,378,0
327,410,0
309,421,0
311,402,0
293,411,0
304,445,0
306,407,0
301,460,0
299,371,0
323,415,0
297,374,0
300,427,0
332,411,0
304,420,0
321,387,0
307,432,0
293,407,0
308,397,0
290,412,0
286,385,0
305,422,0
317,419,0
308,418,0
320,382,0
313,397,0
298,390,0
323,406,0
272,414,0
324,427,0
285,409,0
303,428,0
273,367,0
299,394,0
294,419,0
297,408,0
306,419,0
332,399,0
312,436,0
301,423,0
338,372,0
313,385,0
297,378,0
267,403,0
276,397,0
304,401,0
339,389,0
298,439,0
306,374,0
331,415,0
344,427,0
307,389,0
306,418,0
324,429,0
326,405,0
314,459,0
306,401,0
312,435,0
297,404,0
345,420,0
301,423,0
332,403,0
309,416,0
279,352,0
296,401,0
318,438,0
315,392,0
312,428,0
315,377,0
315,399,0
313,404,0
292,423,0
305,419,0
296,371,0
289,408,0
286,400,0
332,420,0
320,440,0
298,440,0
321,421,0
273,381,0
333,403,0
306,428,0
300,429,0
328,474,0
285,400,0
308,396,0
281,417,0
309,438,0
317,407,0
302,387,0
303,453,0
311,415,0
332,410,0
328,397,0
326,415,0
319,396,0
294,397,0
312,413,0
307,409,0
295,372,0
307,376,0
319,415,0
327,384,0
319,394,0
316,452,0
304,400,0
290,408,0
328,417,0
300,407,0
281,388,0
323,390,0
307,450,0
326,410,0
286,434,0
307,430,0
294,438,0
313,429,0
314,392,0
327,455,0
326,405,0
328,397,0
303,414,0
313,441,0
332,392,0
299,394,0
301,420,0
308,407,0
315,426,0
328,392,0
320,414,0
349,403,0
284,406,0
282,421,0
284,442,0
342,425,0
285,364,0
322,402,0
300,423,0
306,396,0
294,397,0
318,422,0
276,429,0
282,419,0
325,417,0
311,391,0
295,415,0
321,422,0
290,359,0
310,398,0
327,406,0
321,397,0
280,440,0
309,429,0
295,417,0
311,393,0
313,385,0
279,456,0
309,392,0
291,403,0
316,413,0
326,409,0
298,446,0
306,427,0
337,413,0
333,362,0
309,422,0
302,418,0
316,417,0
311,480,0
325,390,0
300,421,0
358,427,0
317,412,0
329,395,0
311,412,0
303,419,0
302,383,0
315,422,0
322,436,0
312,430,0
295,385,0
292,439,0
293,408,0
351,439,0
322,427,0
308,395,0
326,398,0
310,444,0
287,384,0
293,383,0
284,412,0
300,446,0
301,425,0
318,389,0
302,434,0
305,409,0
305,393,0
323,408,0
286,384,0
272,409,0
306,393,0
341,419,0
315,438,0
336,408,0
327,429,0
330,392,0
313,396,0
297,437,0
342,415,0
330,404,0
330,399,0
300,422,0
324,423,0
303,371,0
325,394,0
333,432,0
287,433,0
334,376,0
288,443,0
299,406,0
312,399,0
305,418,0
307,390,0
317,400,0
287,390,0
304,458,0
290,429,0
343,414,0
297,438,0
325,381,0
302,403,0
302,433,0
318,447,0
302,409,0
328,428,0
281,400,0
276,405,0
289,392,0
283,400,0
274,393,0
314,419,0
311,403,0
294,433,0
346,406,0
302,372,0
321,419,0
293,460,0
302,380,0
319,413,0
297,407,0
322,403,0
264,406,0
314,423,0
314,380,0
301,415,0
302,405,0
310,404,0
336,416,0
294,408,0
321,413,0
309,399,0
298,430,0
336,442,0
339,420,0
311,419,0
289,385,0
301,425,0
303,427,0
321,386,0
338,416,0
314,435,0
292,435,0
309,408,0
305,407,0
300,432,0
295,444,0
323,379,0
289,386,0
302,434,0
314,425,0
324,401,0
308,451,0
307,380,0
324,390,0
305,416,0
306,443,0
326,442,0
301,391,0
278,396,0
297,430,0
342,410,0
292,432,0
313,416,0
314,418,0
257,401,0
303,414,0
283,417,0
314,387,0
276,404,0
328,397,0
296,402,0
331,412,0
288,417,0
304,435,0
299,387,0
302,403,0
304,412,0
317,391,0
310,401,0
316,408,0
314,436,0
297,396,0
294,400,0
315,406,0
302,407,0
303,461,0
279,393,0
308,394,0
320,418,0
340,433,0
284,397,0
334,444,0
312,400,0
294,433,0
304,425,0
290,359,0
284,399,0
321,428,0
331,412,0
325,400,0
305,431,0
338,444,0
322,417,0
251,432,0
310,409,0
329,407,0
305,427,0
326,411,0
293,418,0
301,416,0
323,422,0
313,397,0
316,422,0
299,451,0
291,417,0
355,375,0
296,401,0
321,410,0
313,421,0
313,403,0
294,393,0
294,393,0
355,410,0
318,421,0
310,445,0
269,404,0
309,392,0
307,423,0
335,400,0
297,443,0
319,426,0
311,436,0
310,391,0
291,426,0
312,389,0
309,401,0
306,391,0
264,388,0
310,436,0
346,444,0
315,405,0
349,404,0
325,416,0
292,432,0
281,405,0
290,395,0
299,406,0
328,417,0
334,388,0
328,448,0
293,408,0
338,432,0
314,429,0
291,397,0
263,425,0
304,413,0
307,422,0
325,386,0
309,407,0
293,419,0
307,448,0
362,410,0
276,426,0
298,400,0
295,382,0
282,424,0
293,412,0
317,424,0
308,423,0
314,416,0
291,385,0
283,379,0
286,410,0
340,394,0
318,384,0
314,414,0
283,388,0
303,383,0
335,434,0
318,401,0
330,417,0
300,398,0
313,414,0
327,419,0
305,403,0
311,431,0
345,414,0
294,416,0
317,417,0
334,426,0
309,391,0
317,391,0
301,420,0
335,399,0
314,368,0
313,410,0
307,442,0
307,411,0
295,398,0
340,410,0
313,429,0
278,386,0
316,409,0
298,383,0
305,411,0
335,429,0
323,389,0
272,418,0
294,465,0
307,401,0
336,378,0
333,422,0
297,405,0
292,398,0
327,412,0
345,409,0
292,406,0
324,449,0
309,392,0
300,400,0
309,454,0
338,413,0
298,379,0
314,404,0
292,409,0
321,413,0
294,396,0
306,432,0
302,399,0
283,427,0
317,447,0
302,422,0
298,424,0
353,383,0
289,438,0
332,404,0
323,407,0
337,411,0
325,424,0
302,376,0
321,403,0
330,415,0
294,414,0
299,460,0
338,417,0
302,433,0
299,442,0
315,395,0
289,447,0
326,390,0
313,420,0
316,432,0
319,389,0
292,425,0
317,403,0
301,414,0
296,441,0
320,382,0
335,410,0
330,378,0
293,416,0
298,401,0
291,398,0
293,418,0
325,380,0
296,376,0
318,429,0
310,413,0
291,427,0
336,389,0
318,436,0
341,418,0
308,433,0
315,372,0
297,422,0
296,417,0
312,395,0
304,412,0
313,390,0
305,453,0
333,411,0
300,383,0
323,429,0
295,376,0
311,442,0
280,364,0
273,446,0
291,403,0
348,442,0
309,405,0
291,413,0
313,423,0
291,425,0
312,405,0
305,395,0
271,391,0
315,433,0
304,447,0
282,365,0
305,398,0
328,402,0
329,388,0
291,409,0
314,417,0
308,420,0
319,422,0
309,439,0
309,404,0
287,407,0
335,446,0
312,401,0
313,423,0
329,432,0
306,455,0
308,412,0
313,395,0
309,413,0
324,386,0
318,368,0
301,420,0
313,416,0
286,426,0
293,391,0
294,395,0
339,448,0
301,406,0
308,422,0
301,405,0
316,384,0
316,450,0
304,421,0
304,410,0
336,441,0
321,382,0
309,412,0
327,411,0
315,416,0
294,406,0
315,403,0
324,434,0
337,442,0
306,402,0
296,413,0
302,403,0
329,398,0
312,398,0
295,378,0
300,407,0
326,390,0
303,416,0
309,443,0
310,418,0
325,417,0
324,426,0
317,458,0
285,399,0
285,392,0
321,404,0
316,422,0
290,400,0
315,414,0
320,435,0
289,447,0
337,436,0
304,440,0
316,377,0
324,377,0
317,407,0
322,398,0
301,425,0
309,424,0
300,440,0
285,382,0
322,415,0
306,372,0
287,440,0
300,414,0
311,431,0
281,418,0
327,385,0
344,384,0
320,429,0
323,421,0
311,411,0
292,398,0
287,424,0
319,398,0
310,392,0
302,435,0
305,405,0
310,454,0
286,417,0
300,436,0
316,405,0
289,409,0
292,424,0
315,440,0
298,393,0
300,381,0
331,397,0
299,439,0
338,424,0
325,419,0
337,369,0
307,444,0
309,437,0
298,414,0
302,420,0
287,411,0
271,438,0
274,405,0
284,441,0
289,402,0
322,399,0
311,393,0
308,405,0
305,406,0
323,389,0
326,404,0
332,397,0
294,428,0
328,394,0
322,392,0
322,417,0
332,432,0
320,386,0
307,417,0
283,427,0
300,415,0
287,418,0
274,403,0
324,415,0
319,417,0
297,430,0
306,414,0
340,404,0
318,408,0
314,464,0
311,432,0
311,392,0
322,368,0
318,397,0
277,444,0
319,418,0
357,419,0
323,430,0
335,431,0
299,402,0
321,374,0
327,399,0
313,436,0
316,418,0
326,391,0
333,421,0
304,469,0
289,413,0
277,423,0
306,390,0
307,445,0
311,411,0
288,391,0
332,454,0
293,394,0
327,396,0
308,432,0
286,386,0
282,394,0
306,402,0
295,410,0
329,388,0
330,418,0
299,404,0
302,400,0
313,430,0
281,421,0
328,401,0
299,419,0
310,417,0
316,400,0
303,433,0
305,406,0
295,398,0
307,421,0
300,411,0
285,423,0
302,439,0
302,409,0
305,405,0
340,427,0
318,376,0
291,419,0
312,441,0
279,410,0
324,418,0
305,388,0
304,412,0
286,381,0
303,416,0
318,412,0
292,421,0
298,453,0
323,402,0
321,437,0
315,413,0
309,392,0
316,391,0
291,403,0
292,398,0
311,400,0
296,361,0
328,421,0
313,413,0
303,413,0
285,434,0
292,417,0
312,386,0
296,407,0
316,388,0
328,390,0
289,418,0
309,419,0
288,384,0
312,405,0
318,431,0
303,404,0
307,432,0
298,383,0
322,443,0
318,416,0
299,407,0
269,429,0
320,400,0
344,449,0
329,381,0
283,400,0
304,418,0
325,455,0
310,417,0
330,386,0
297,418,0
277,448,0
294,436,0
311,407,0
282,415,0
292,401,0
299,412,0
344,397,0
274,397,0
309,410,0
313,427,0
319,375,0
313,444,0
312,398,0
296,441,0
301,405,0
311,412,0
350,430,0
308,397,0
343,415,0
327,448,0
278,400,0
302,443,0
329,398,0
324,414,0
315,391,0
333,426,0
302,401,0
311,421,0
295,391,0
316,410,0
296,404,0
319,406,0
290,386,0
332,424,0
287,422,0
310,417,0
310,438,0
289,414,0
305,369,0
322,398,0
323,410,0
280,403,0
308,409,0
295,446,0
318,434,0
342,406,0
329,412,0
330,413,0
296,388,0
319,416,0
288,419,0
293,441,0
305,436,0
319,412,0
313,415,0
320,393,0
309,417,0
294,388,0
330,359,0
310,436,0
304,426,0
314,428,0
327,366,0
303,418,0
314,399,0
328,396,0
294,427,0
289,398,0
334,398,0
326,418,0
281,410,0
310,412,0
317,412,0
299,418,0
301,418,0
305,386,0
299,415,0
346,402,0
290,431,0
282,394,0
294,425,0
309,380,0
347,424,0
299,420,0
307,411,0
294,452,0
297,409,0
302,378,0
315,428,0
312,411,0
336,419,0
346,398,0
290,406,0
302,418,0
343,349,0
296,416,0
336,394,0
293,427,0
292,408,0
307,405,0
323,418,0
303,419,0
284,404,0
340,388,0
304,392,0
302,368,0
304,445,0
331,426,0
297,436,0
320,410,0
314,383,0
293,353,0
290,427,0
296,403,0
288,428,0
298,404,0
276,413,0
284,406,0
326,398,0
323,441,0
293,408,0
302,389,0
294,432,0
286,423,0
311,440,0
308,408,0
360,409,0
308,430,0
273,449,0
324,427,0
284,375,0
327,434,0
320,424,0
316,394,0
307,393,0
277,426,0
313,432,0
298,385,0
316,391,0
290,413,0
332,397,0
336,409,0
290,385,0
339,398,0
316,396,0
289,388,0
313,422,0
315,438,0
309,415,0
282,405,0
322,454,0
326,448,0
309,399,0
309,386,0
329,425,0
305,402,0
323,418,0
331,397,0
297,440,0
310,444,0
282,404,0
317,481,0
285,403,0
316,397,0
314,401,0
319,417,0
306,438,0
314,438,0
309,411,0
297,375,0
290,436,0
331,401,0
296,403,0
281,430,0
322,427,0
293,449,0
324,410,0
324,413,0
310,394,0
296,457,0
312,446,0
295,414,0
305,423,0
284,410,0
295,439,0
343,386,0
308,390,0
303,414,0
272,414,0
355,400,0
290,413,0
327,440,0
324,428,0
327,373,0
334,412,0
322,396,0
332,403,0
291,406,0
303,412,0
314,375,0
287,424,0
323,409,0
317,388,0
314,394,0
293,385,0
320,414,0
287,391,0
319,414,0
300,426,0
323,416,0
317,425,0
310,418,0
316,418,0
328,421,0
309,427,0
265,421,0
289,410,0
285,425,0
303,408,0
289,438,0
302,413,0
327,426,0
333,438,0
311,408,0
325,422,0
329,398,0
312,420,0
299,398,0
305,392,0
281,423,0
328,439,0
299,403,0
303,410,0
305,407,0
322,410,0
315,432,0
323,402,0
316,407,0
304,451,0
301,382,0
278,403,0
290,436,0
307,399,0
298,408,0
317,420,0
309,429,0
302,408,0
308,412,0
298,389,0
341,414,0
318,379,0
281,382,0
322,407,0
276,394,0
300,416,0
324,402,0
349,430,0
313,420,0
297,426,0
298,374,0
324,441,0
307,420,0
276,368,0
323,394,0
348,360,0
287,435,0
309,401,0
308,458,0
310,410,0
315,441,0
300,449,0
306,410,0
288,437,0
303,397,0
278,416,0
281,380,0
291,397,0
296,411,0
324,381,0
326,461,0
285,403,0
326,377,0
311,392,0
316,442,0
300,405,0
309,426,0
302,408,0
321,381,0
291,400,0
307,410,0
290,411,0
326,415,0
297,396,0
341,416,0
328,424,0
350,402,0
287,428,0
288,381,0
327,390,0
310,396,0
319,394,0
308,395,0
313,409,0
318,410,0
327,407,0
336,413,0
310,400,0
323,364,0
289,374,0
310,427,0
295,421,0
287,372,0
330,398,0
282,443,0
316,411,0
314,426,0
302,402,0
328,417,0
286,387,0
333,406,0
310,400,0
307,412,0
295,453,0
333,407,0
307,401,0
325,387,0
295,415,0
327,396,0
304,380,0
267,387,0
285,414,0
314,398,0
328,391,0
324,443,0
338,411,0
296,404,0
312,438,0
308,419,0
315,391,0
313,381,0
315,388,0
315,385,0
292,417,0
301,422,0
317,420,0
321,410,0
333,418,0
282,397,0
298,397,0
291,416,0
286,413,0
296,430,0
341,400,0
318,409,0
349,411,0
307,409,0
346,431,0
332,416,0
315,391,0
310,457,0
292,410,0
319,406,0
325,391,0
350,395,0
319,393,0
287,418,0
297,414,0
308,393,0
293,454,0
298,407,0
297,428,0
324,398,0
302,400,0
297,399,0
308,422,0
323,397,0
314,424,0
319,446,0
326,404,0
308,431,0
307,377,0
303,395,0
299,383,0
329,422,0
314,436,0
314,401,0
279,425,0
305,386,0
312,390,0
314,395,0
299,426,0
293,404,0
322,397,0
312,409,0
313,423,0
274,403,0
326,406,0
308,441,0
341,429,0
293,426,0
326,418,0
281,413,0
297,448,0
322,406,0
299,409,0
304,395,0
310,413,0
335,405,0
314,403,0
306,417,0
281,419,0
282,389,0
313,406,0
324,464,0
311,400,0
341,405,0
296,403,0
319,410,0
301,410,0
316,440,0
303,408,0
292,435,0
324,392,0
298,380,0
316,417,0
313,424,0
324,417,0
319,397,0
318,405,0
301,430,0
342,391,0
305,443,0
327,404,0
275,428,0
310,395,0
315,440,0
288,399,0
317,402,0
325,405,0
297,431,0
307,410,0
278,410,0
322,379,0
311,417,0
306,392,0
313,410,0
301,397,0
302,417,0
302,406,0
309,393,0
326,430,0
284,402,0
312,418,0
324,440,0
320,423,0
345,445,0
278,392,0
343,383,0
282,425,0
327,419,0
292,445,0
302,391,0
322,400,0
302,407,0
320,431,0
327,411,0
266,422,0
319,389,0
293,421,0
309,410,0
319,403,0
282,377,0
269,385,0
314,415,0
293,430,0
315,429,0
324,404,0
310,402,0
320,360,0
315,369,0
308,380,0
330,426,0
288,413,0
326,414,0
287,386,0
304,417,0
260,383,0
311,407,0
288,437,0
316,432,0
291,413,0
295,395,0
337,404,0
338,429,0
306,401,0
297,422,0
321,387,0
307,438,0
303,409,0
298,431,0
299,431,0
315,403,0
305,412,0
313,437,0
308,418,0
327,393,0
299,410,0
324,411,0
306,405,0
319,413,0
301,418,0
306,456,0
301,424,0
298,425,0
289,397,0
312,417,0
319,407,0
326,416,0
301,422,0
310,396,0
303,396,0
347,386,0
326,445,0
301,389,0
293,385,0
304,436,0
315,419,0
315,451,0
292,399,0
321,375,0
320,399,0
307,412,0
336,392,0
288,417,0
333,387,0
347,441,0
288,412,0
341,429,0
279,388,0
317,419,0
297,434,0
302,417,0
290,436,0
344,401,0
306,415,0
306,395,0
297,403,0
285,423,0
303,406,0
295,389,0
300,412,0
307,397,0
335,408,0
312,393,0
318,400,0
295,408,0
305,423,0
293,416,0
292,429,0
296,439,0
282,380,0
322,379,0
328,413,0
316,415,0
308,425,0
300,406,0
344,427,0
324,439,0
341,402,0
317,429,0
316,404,0
306,396,0
305,407,0
289,430,0
295,373,0
313,380,0
283,422,0
316,383,0
280,395,0
287,390,0
289,388,0
317,419,0
312,425,0
323,410,0
322,415,0
315,428,0
332,379,0
329,407,0
322,428,0
302,398,0
303,393,0
328,411,0
342,414,0
293,417,0
323,460,0
308,406,0
276,425,0
278,403,0
304,379,0
337,383,0
330,436,0
323,411,0
313,387,0
317,415,0
279,403,0
345,437,0
306,435,0
312,411,0
314,422,0
323,444,0
342,437,0
316,394,0
318,450,0
320,435,0
306,362,0
319,419,0
309,422,0
343,432,0
323,390,0
318,435,0
312,389,0
306,421,0
300,392,0
343,422,0
299,401,0
334,373,0
326,397,0
280,407,0
308,400,0
301,405,0
322,397,0
320,374,0
292,402,0
295,415,0
309,416,0
309,415,0
310,395,0
306,412,0
324,443,0
283,397,0
318,428,0
312,408,0
282,420,0
295,440,0
313,404,0
304,402,0
306,413,0
298,381,0
329,427,0
318,384,0
300,398,0
323,459,0
337,406,0
301,427,0
315,410,0
315,415,0
284,400,0
330,416,0
311,419,0
319,399,0
305,435,0
295,398,0
294,403,0
304,408,0
342,375,0
305,397,0
301,424,0
308,432,0
300,433,0
319,395,0
293,414,0
324,406,0
359,441,0
321,412,0
282,394,0
334,396,0
312,428,0
291,394,0
296,447,0
301,423,0
345,414,0
312,421,0
303,439,0
290,406,0
280,434,0
319,415,0
303,386,0
308,408,0
298,429,0
299,401,0
293,392,0
323,407,0
286,438,0
300,444,0
318,467,0
291,433,0
318,423,0
295,418,0
301,431,0
268,428,0
310,405,0
325,432,0
304,412,0
291,393,0
298,409,0
298,404,0
299,404,0
287,395,0
311,411,0
337,375,0
315,416,0
306,413,0
293,432,0
301,448,0
282,400,0
317,431,0
294,427,0
339,399,0
333,416,0
309,421,0
298,396,0
298,430,0
307,401,0
325,418,0
313,403,0
298,428,0
322,403,0
285,410,0
295,378,0
289,404,0
302,393,0
309,406,0
283,422,0
291,412,0
291,400,0
298,421,0
312,426,0
318,425,0
304,416,0
306,417,0
297,375,0
313,400,0
304,415,0
309,434,0
300,382,0
324,425,0
344,415,0
300,394,0
313,398,0
317,381,0
313,417,0
310,405,0
308,396,0
320,396,0
291,415,0
290,409,0
316,440,0
327,432,0
290,420,0
312,394,0
313,387,0
301,402,0
326,434,0
342,413,0
328,433,0
296,441,0
312,385,0
306,421,0
295,393,0
320,383,0
293,447,0
306,382,0
332,436,0
299,425,0
311,370,0
278,386,0
320,426,0
334,411,0
284,407,0
311,402,0
274,444,0
318,425,0
314,393,0
320,402,0
329,422,0
290,434,0
300,397,0
308,416,0
306,431,0
305,368,0
322,403,0
314,419,0
308,386,0
297,409,0
286,403,0
299,404,0
303,398,0
300,411,0
316,389,0
293,440,0
303,403,0
331,406,0
331,423,0
310,395,0
312,435,0
300,415,0
301,420,0
295,427,0
340,447,0
293,445,0
289,424,0
308,417,0
320,455,0
279,421,0
302,414,0
317,421,0
291,424,0
318,425,0
306,411,0
304,444,0
342,409,0
295,419,0
312,402,0
312,428,0
320,420,0
330,414,0
297,374,0
273,422,0
311,406,0
297,400,0
330,412,0
317,445,0
330,382,0
321,427,0
302,408,0
306,412,0
308,396,0
307,400,0
303,408,0
302,413,0
297,383,0
323,422,0
317,414,0
332,439,0
304,417,0
300,396,0
292,425,0
275,385,0
308,383,0
319,411,0
303,428,0
304,405,0
311,407,0
340,414,0
311,427,0
347,453,0
297,408,0
346,383,0
300,383,0
290,422,0
324,426,0
309,430,0
305,436,0
300,392,0
294,411,0
286,385,0
302,427,0
312,413,0
297,415,0
313,415,0
332,381,0
317,409,0
307,376,0
288,400,0
287,403,0
290,394,0
332,402,0
321,434,0
320,410,0
295,414,0
347,413,0
297,414,0
334,399,0
325,434,0
334,400,0
286,404,0
314,426,0
303,429,0
314,401,0
324,410,0
301,392,0
316,380,0
310,395,0
319,403,0
317,439,0
322,415,0
306,391,0
285,414,0
316,385,0
305,401,0
308,389,0
293,425,0
284,426,0
328,405,0
293,431,0
322,397,0
306,409,0
313,408,0
296,445,0
302,413,0
316,438,0
332,412,0
329,396,0
296,403,0
290,405,0
297,389,0
283,405,0
320,377,0
325,420,0
322,419,0
316,389,0
306,399,0
298,416,0
308,388,0
317,401,0
293,382,0
283,411,0
287,422,0
305,397,0
309,373,0
320,428,0
319,422,0
267,441,0
309,400,0
307,481,0
292,448,0
344,432,0
314,420,0
295,453,0
299,398,0
304,452,0
282,408,0
301,398,0
281,392,0
320,403,0
296,421,0
281,399,0
335,371,0
285,407,0
279,396,0
288,397,0
286,375,0
291,411,0
299,428,0
300,435,0
293,421,0
283,426,0
304,414,0
294,411,0
313,402,0
329,375,0
309,413,0
318,417,0
327,402,0
307,400,0
311,463,0
291,430,0
310,421,0
317,412,0
314,391,0
302,397,0
320,392,0
328,431,0
321,421,0
310,417,0
289,393,0
314,418,0
330,407,0
302,410,0
296,409,0
317,461,0
300,446,0
299,413,0
330,411,0
297,413,0
315,384,0
300,432,0
318,382,0
321,410,0
285,407,0
281,411,0
333,421,0
304,407,0
291,416,0
307,418,0
313,406,0
318,412,0
316,416,0
300,425,0
306,428,0
298,373,0
310,426,0
291,406,0
321,409,0
326,367,0
329,413,0
284,423,0
297,393,0
296,393,0
301,438,0
318,410,0
295,405,0
314,445,0
330,380,0
295,384,0
323,422,0
320,438,0
318,444,0
299,427,0
315,431,0
327,388,0
337,413,0
317,426,0
312,407,0
283,415,0
308,449,0
329,398,0
302,411,0
328,403,0
328,448,0
301,387,0
333,391,0
308,374,0
305,398,0
282,406,0
298,428,0
316,388,0
318,389,0
335,413,0
332,417,0
319,408,0
311,401,0
289,410,0
319,424,0
295,426,0
295,393,0
327,370,0
279,380,0
303,428,0
277,396,0
298,386,0
277,405,0
289,415,0
293,453,0
333,426,0
299,440,0
316,385,0
292,414,0
336,414,0
313,409,0
303,409,0
305,404,0
318,394,0
306,400,0
320,400,0
290,437,0
314,395,0
306,408,0
308,406,0
321,414,0
295,427,0
289,404,0
321,432,0
311,410,0
303,389,0
294,414,0
326,418,0
328,410,0
313,421,0
305,416,0
323,391,0
301,407,0
314,389,0
322,402,0
281,441,0
295,441,0
306,435,0
287,418,0
318,397,0
346,419,0
299,425,0
281,406,0
326,391,0
314,378,0
315,413,0
332,394,0
303,408,0
290,420,0
285,391,0
319,442,0
318,413,0
331,434,0
305,397,0
324,422,0
306,372,0
295,417,0
295,421,0
310,416,0
276,410,0
308,392,0
320,366,0
300,392,0
296,438,0
329,409,0
306,373,0
297,424,0
307,410,0
296,395,0
301,399,0
272,425,0
312,390,0
316,411,0
285,441,0
304,396,0
322,398,0
320,430,0
329,403,0
287,408,0
296,379,0
318,425,0
313,439,0
292,402,0
294,428,0
319,411,0
316,391,0
328,438,0
281,421,0
303,415,0
326,438,0
296,411,0
305,420,0
304,417,0
312,375,0
288,404,0
299,401,0
317,407,0
324,389,0
291,405,0
303,432,0
315,444,0
337,434,0
344,406,0
314,357,0
312,407,0
312,407,0
306,419,0
328,399,0
309,453,0
323,412,0
309,422,0
310,412,0
288,404,0
305,381,0
325,430,0
299,402,0
329,411,0
299,397,0
311,443,0
326,421,0
326,404,0
297,343,0
312,417,0
313,378,0
325,440,0
278,390,0
322,421,0
303,377,0
309,429,0
324,400,0
288,441,0
329,379,0
299,397,0
288,437,0
327,393,0
317,400,0
290,410,0
283,443,0
317,370,0
315,398,0
327,395,0
302,368,0
303,426,0
336,460,0
285,410,0
331,402,0
313,442,0
299,412,0
303,425,0
307,416,0
300,413,0
319,409,0
320,417,0
322,433,0
300,409,0
319,416,0
318,413,0
336,451,0
296,418,0
277,413,0
336,432,0
299,384,0
312,389,0
299,402,0
315,421,0
346,443,0
313,417,0
331,391,0
326,430,0
276,391,0
305,409,0
319,428,0
292,417,0
304,395,0
296,409,0
291,430,0
301,412,0
318,413,0
314,428,0
327,434,0
299,412,0
334,415,0
277,432,0
321,439,0
307,445,0
298,367,0
320,393,0
291,419,0
288,443,0
289,405,0
298,403,0
299,429,0
302,450,0
293,394,0
295,437,0
314,390,0
334,453,0
303,424,0
331,378,0
313,415,0
304,443,0
302,408,0
287,413,0
301,415,0
329,424,0
337,448,0
320,431,0
278,403,0
299,436,0
326,400,0
315,441,0
327,397,0
300,406,0
315,402,0
351,403,0
319,412,0
312,426,0
325,414,0
310,383,0
298,401,0
285,413,0
301,441,0
291,390,0
280,387,0
294,401,0
284,389,0
296,404,0
291,406,0
331,401,0
296,396,0
275,406,0
325,379,0
291,403,0
303,459,0
290,440,0
297,393,0
292,426,0
313,428,0
304,399,0
303,414,0
321,410,0
310,421,0
306,417,0
311,405,0
311,400,0
333,428,0
284,420,0
320,445,0
324,396,0
290,453,0
302,444,0
292,382,0
290,403,0
293,397,0
296,425,0
308,395,0
309,415,0
292,413,0
318,409,0
327,411,0
325,392,0
277,413,0
297,431,0
293,412,0
314,391,0
335,383,0
287,409,0
316,407,0
325,421,0
285,426,0
299,370,0
324,395,0
339,406,0
306,414,0
286,397,0
285,372,0
297,408,0
277,432,0
311,409,0
299,380,0
319,391,0
305,428,0
295,403,0
327,410,0
298,392,0
325,417,0
297,442,0
302,400,0
275,402,0
328,408,0
280,374,0
266,460,0
311,400,0
297,442,0
295,432,0
327,380,0
314,410,0
331,412,0
311,395,0
330,424,0
286,434,0
277,440,0
309,389,0
277,401,0
318,422,0
322,422,0
319,406,0
301,389,0
304,387,0
295,384,0
302,427,0
281,410,0
316,431,0
313,408,0
323,389,0
309,409,0
308,420,0
304,404,0
293,443,0
285,399,0
339,422,0
323,419,0
310,395,0
316,414,0
315,399,0
296,397,0
313,458,0
296,399,0
282,431,0
301,418,0
311,415,0
305,400,0
273,422,0
338,391,0
311,397,0
315,404,0
319,432,0
298,378,0
285,410,0
306,409,0
309,394,0
293,384,0
315,431,0
339,425,0
325,409,0
343,384,0
300,426,0
297,397,0
320,456,0
320,423,0
339,395,0
299,441,0
293,432,0
304,388,0
308,430,0
315,452,0
314,417,0
292,428,0
288,421,0
312,436,0
323,388,0
319,428,0
304,425,0
318,431,0
284,407,0
334,426,0
277,377,0
317,387,0
325,386,0
320,357,0
321,426,0
321,444,0
335,393,0
296,441,0
292,401,0
312,398,0
295,448,0
284,388,0
310,390,0
311,425,0
322,419,0
281,424,0
293,416,0
339,425,0
308,427,0
305,394,0
312,446,0
299,410,0
282,404,0
295,388,0
314,406,0
306,410,0
265,412,0
314,407,0
345,410,0
297,426,0
289,393,0
291,424,0
323,383,0
314,445,0
293,428,0
304,430,0
331,413,0
296,369,0
324,425,0
317,404,0
304,405,0
325,417,0
292,389,0
293,442,0
312,407,0
304,411,0
354,400,0
334,446,0
324,426,0
328,407,0
285,364,0
312,393,0
317,381,0
317,432,0
303,428,0
293,408,0
321,423,0
324,432,0
297,397,0
314,401,0
308,420,0
314,409,0
282,443,0
312,415,0
321,387,0
278,445,0
290,426,0
259,406,0
302,395,0
304,445,0
292,442,0
308,408,0
304,409,0
295,414,0
301,389,0
298,424,0
325,420,0
315,432,0
304,408,0
327,425,0
288,382,0
308,404,0
322,407,0
316,377,0
304,434,0
314,397,0
314,427,0
278,432,0
294,424,0
308,410,0
302,415,0
309,366,0
299,404,0
304,421,0
285,417,0
320,415,0
272,407,0
316,388,0
324,402,0
312,425,0
322,437,0
306,383,0
313,396,0
312,415,0
295,439,0
317,420,0
293,375,0
303,366,0
302,414,0
298,380,0
282,427,0
295,412,0
301,388,0
301,421,0
323,414,0
290,443,0
323,400,0
312,414,0
330,402,0
314,425,0
309,400,0
301,417,0
306,420,0
294,393,0
316,448,0
307,437,0
305,409,0
335,462,0
316,431,0
310,420,0
329,431,0
316,427,0
292,405,0
332,425,0
326,393,0
311,440,0
293,419,0
298,401,0
302,444,0
314,458,0
312,423,0
307,437,0
287,419,0
320,448,0
310,429,0
294,376,0
296,385,0
332,430,0
304,394,0
292,405,0
309,406,0
313,400,0
318,396,0
287,425,0
305,414,0
289,398,0
335,388,0
305,387,0
351,449,0
302,418,0
323,444,0
296,424,0
275,400,0
332,380,0
329,412,0
293,436,0
294,393,0
305,440,0
290,427,0
321,419,0
302,420,0
322,439,0
286,431,0
309,404,0
286,390,0
274,393,0
296,455,0
316,440,0
305,415,0
302,416,0
295,415,0
304,428,0
321,437,0
304,418,0
296,400,0
309,370,0
298,398,0
279,383,0
328,426,0
315,414,0
324,442,0
297,394,0
290,406,0
303,398,0
311,427,0
302,420,0
327,414,0
301,392,0
309,450,0
316,377,0
307,422,0
280,420,0
299,409,0
313,396,0
335,391,0
299,389,0
312,412,0
300,411,0
305,412,0
308,378,0
302,387,0
307,380,0
303,445,0
309,384,0
302,406,0
304,412,0
312,399,0
329,399,0
317,424,0
343,434,0
316,410,0
282,425,0
313,403,0
294,410,0
280,390,0
317,417,0
321,423,0
334,383,0
314,427,0
331,437,0
307,440,0
333,399,0
297,395,0
335,404,0
303,399,0
298,396,0
343,425,0
318,402,0
297,429,0
315,402,0
305,447,0
293,398,0
297,407,0
322,413,0
331,395,0
289,439,0
350,423,0
300,399,0
325,418,0
305,388,0
346,434,0
319,399,0
316,438,0
291,376,0
307,404,0
317,421,0
333,400,0
340,394,0
303,373,0
280,377,0
301,408,0
314,417,0
278,396,0
306,427,0
316,447,0
319,415,0
323,448,0
291,381,0
307,404,0
314,426,0
282,369,0
291,446,0
336,419,0
309,411,0
345,421,0
295,421,0
321,439,0
331,412,0
332,396,0
316,398,0
325,423,0
318,359,0
307,438,0
303,421,0
305,408,0
315,420,0
333,411,0
314,399,0
312,407,0
300,401,0
296,403,0
324,431,0
309,444,0
288,395,0
280,388,0
304,387,0
306,427,0
307,421,0
318,379,0
316,413,0
314,384,0
314,404,0
313,395,0
314,456,0
310,421,0
337,422,0
294,400,0
313,423,0
282,455,0
301,437,0
300,426,0
319,414,0
311,422,0
316,424,0
338,405,0
303,385,0
314,402,0
306,442,0
334,456,0
294,390,0
318,391,0
303,396,0
317,417,0
322,409,0
307,408,0
347,426,0
290,414,0
296,413,0
295,415,0
326,417,0
298,399,0
309,427,0
317,416,0
283,386,0
315,409,0
321,442,0
302,403,0
304,397,0
289,412,0
318,397,0
309,387,0
302,406,0
319,371,0
321,413,0
315,420,0
317,396,0
320,397,0
329,415,0
300,422,0
318,411,0
340,419,0
337,397,0
292,382,0
290,390,0
297,391,0
300,415,0
328,423,0
305,404,0
280,384,0
320,406,0
316,436,0
285,426,0
317,398,0
285,392,0
291,415,0
338,424,0
313,418,0
333,415,0
280,411,0
328,377,0
309,396,0
324,412,0
278,396,0
327,405,0
281,416,0
333,411,0
316,416,0
289,384,0
303,414,0
307,425,0
306,394,0
299,397,0
304,425,0
297,423,0
302,425,0
329,409,0
295,405,0
307,403,0
345,403,0
295,441,0
296,442,0
336,412,0
294,445,0
298,437,0
308,403,0
312,431,0
279,418,0
304,435,0
323,413,0
308,443,0
312,403,0
296,394,0
295,466,0
306,417,0
306,428,0
311,427,0
298,431,0
296,400,0
314,437,0
274,367,0
320,440,0
323,428,0
311,424,0
311,413,0
291,402,0
274,393,0
307,380,0
336,389,0
298,397,0
317,407,0
344,446,0
315,427,0
288,415,0
299,412,0
316,419,0
300,405,0
316,414,0
311,402,0
308,376,0
327,378,0
307,402,0
315,382,0
297,408,0
293,406,0
325,394,0
293,376,0
299,413,0
312,396,0
351,378,0
304,424,0
289,415,0
314,425,0
315,411,0
311,399,0
313,392,0
294,412,0
300,420,0
323,369,0
313,373,0
316,406,0
312,410,0
301,407,0
275,440,0
321,405,0
331,453,0
320,429,0
289,404,0
316,389,0
325,417,0
315,452,0
334,393,0
325,383,0
347,390,0
320,401,0
318,437,0
325,448,0
310,412,0
334,378,0
303,408,0
299,372,0
318,418,0
307,416,0
287,414,0
284,426,0
292,404,0
324,390,0
310,428,0
307,390,0
309,418,0
310,416,0
320,430,0
320,449,0
298,435,0
274,381,0
317,395,0
303,403,0
297,420,0
295,419,0
312,415,0
314,390,0
293,416,0
287,405,0
302,420,0
290,387,0
297,395,0
309,410,0
319,382,0
286,417,0
305,447,0
286,425,0
301,394,0
317,417,0
297,407,0
292,445,0
311,479,0
313,443,0
297,420,0
306,435,0
337,434,0
324,445,0
301,435,0
290,365,0
319,410,0
313,410,0
282,415,0
333,427,0
327,423,0
307,428,0
320,396,0
321,425,0
292,388,0
274,418,0
297,433,0
317,373,0
292,441,0
320,400,0
308,416,0
322,410,0
303,419,0
309,448,0
310,448,0
321,406,0
318,404,0
303,429,0
276,437,0
321,427,0
325,400,0
314,398,0
323,405,0
290,408,0
311,385,0
333,427,0
308,399,0
312,412,0
310,420,0
287,393,0
316,446,0
284,374,0
313,366,0
285,430,0
318,408,0
313,419,0
294,403,0
310,391,0
296,428,0
295,436,0
292,420,0
311,406,0
307,436,0
301,431,0
316,411,0
310,436,0
290,431,0
282,417,0
321,434,0
311,419,0
317,387,0
305,441,0
324,399,0
318,414,0
303,416,0
292,394,0
316,397,0
300,408,0
325,403,0
309,405,0
345,396,0
306,385,0
311,406,0
317,402,0
320,403,0
316,397,0
286,420,0
299,418,0
329,422,0
339,408,0
319,382,0
305,399,0
306,415,0
306,428,0
306,442,0
322,389,0
302,375,0
328,425,0
281,428,0
292,403,0
324,376,0
329,435,0
293,407,0
312,426,0
318,439,0
293,412,0
328,406,0
293,411,0
296,403,0
301,405,0
315,402,0
317,458,0
324,448,0
323,405,0
305,413,0
323,383,0
339,435,0
283,399,0
299,403,0
296,432,0
268,412,0
304,420,0
288,438,0
275,395,0
311,449,0
320,401,0
307,423,0
311,390,0
327,418,0
329,430,0
304,412,0
290,435,0
290,415,0
299,408,0
303,436,0
279,375,0
316,406,0
299,417,0
297,417,0
284,420,0
313,418,0
294,409,0
292,411,0
298,384,0
292,425,0
305,465,0
312,410,0
340,407,0
314,398,0
296,399,0
315,424,0
316,429,0
317,400,0
282,410,0
313,416,0
285,430,0
298,406,0
325,413,0
307,401,0
343,420,0
290,406,0
312,399,0
280,427,0
330,414,0
330,428,0
301,424,0
295,426,0
303,433,0
279,382,0
335,426,0
316,449,0
273,428,0
304,408,0
334,427,0
342,404,0
306,381,0
289,404,0
319,440,0
308,403,0
303,434,0
311,397,0
318,425,0
308,388,0
314,391,0
305,424,0
334,406,0
292,477,0
292,402,0
311,405,0
291,412,0
324,401,0
300,401,0
293,397,0
314,399,0
304,419,0
320,396,0
324,404,0
289,387,0
306,425,0
293,438,0
323,417,0
309,399,0
321,407,0
323,386,0
323,410,0
304,402,0
334,417,0
307,405,0
273,422,0
310,439,0
296,424,0
291,414,0
320,406,0
317,403,0
318,373,0
296,391,0
338,388,0
329,423,0
323,404,0
339,419,0
312,420,0
329,381,0
326,399,0
278,420,0
290,415,0
307,384,0
307,416,0
317,417,0
313,411,0
308,436,0
298,420,0
308,411,0
307,417,0
315,400,0
321,422,0
333,408,0
328,422,0
304,430,0
305,435,0
340,448,0
283,428,0
308,381,0
313,438,0
289,395,0
324,402,0
328,413,0
291,407,0
300,415,0
291,427,0
336,451,0
316,435,0
312,391,0
310,413,0
298,384,0
326,410,0
326,408,0
293,443,0
286,426,0
290,406,0
301,437,0
318,402,0
321,381,0
305,416,0
340,411,0
349,458,0
278,431,0
293,391,0
333,384,0
331,436,0
328,404,0
333,443,0
300,456,0
302,421,0
338,412,0
331,374,0
294,438,0
313,433,0
285,401,0
302,407,0
297,406,0
330,359,0
318,395,0
293,445,0
325,395,0
302,414,0
283,421,0
305,404,0
303,406,0
310,404,0
303,406,0
313,417,0
301,371,0
290,407,0
300,381,0
336,390,0
326,368,0
311,407,0
303,457,0
299,395,0
331,394,0
319,386,0
329,416,0
333,398,0
307,418,0
292,423,0
281,410,0
322,408,0
317,421,0
324,438,0
289,400,0
289,390,0
295,407,0
322,434,0
299,405,0
358,426,0
327,393,0
294,441,0
321,365,0
292,412,0
329,450,0
302,394,0
295,416,0
276,407,0
289,431,0
310,404,0
317,399,0
303,432,0
302,426,0
292,405,0
334,445,0
287,418,0
337,414,0
330,404,0
317,409,0
299,415,0
293,413,0
338,412,0
302,398,0
296,424,0
319,423,0
308,409,0
316,366,0
291,393,0
336,420,0
309,416,0
312,381,0
307,413,0
305,409,0
318,396,0
306,428,0
325,420,0
326,440,0
345,460,0
296,421,0
335,420,0
310,411,0
269,383,0
325,419,0
292,370,0
285,421,0
334,425,0
281,419,0
271,422,0
298,433,0
333,425,0
283,436,0
270,417,0
312,424,0
320,434,0
301,421,0
275,391,0
320,443,0
311,396,0
286,418,0
271,411,0
306,427,0
319,421,0
301,404,0
287,388,0
305,429,0
305,413,0
255,395,0
332,409,0
323,439,0
294,403,0
331,406,0
318,409,0
293,384,0
337,427,0
285,402,0
315,411,0
317,399,0
315,410,0
307,406,0
314,419,0
331,399,0
322,455,0
306,429,0
313,435,0
300,377,0
306,391,0
312,408,0
312,380,0
309,386,0
301,403,0
302,439,0
302,457,0
297,398,0
310,402,0
316,422,0
297,422,0
304,399,0
303,414,0
339,418,0
316,406,0
303,412,0
290,427,0
296,363,0
338,394,0
318,422,0
299,408,0
306,454,0
314,403,0
301,419,0
306,426,0
287,422,0
295,405,0
316,400,0
300,415,0
307,453,0
293,457,0
334,406,0
304,437,0
332,389,0
282,417,0
305,398,0
300,429,0
292,414,0
313,424,0
298,388,0
295,398,0
321,398,0
330,429,0
280,417,0
312,409,0
335,376,0
339,417,0
307,429,0
320,405,0
304,365,0
327,429,0
333,407,0
333,393,0
274,447,0
296,401,0
315,428,0
305,399,0
314,410,0
294,378,0
284,408,0
324,446,0
308,413,0
327,425,0
301,447,0
333,440,0
345,408,0
285,424,0
301,410,0
305,403,0
316,415,0
312,429,0
328,424,0
285,416,0
337,449,0
329,396,0
315,401,0
294,396,0
320,401,0
286,399,0
305,416,0
349,373,0
340,414,0
326,411,0
316,400,0
311,421,0
304,411,0
315,436,0
307,381,0
299,407,0
310,421,0
320,434,0
319,411,0
327,367,0
285,413,0
320,436,0
292,434,0
327,403,0
287,409,0
312,413,0
300,428,0
320,382,0
317,426,0
306,422,0
315,393,0
318,403,0
320,402,0
328,407,0
322,400,0
317,405,0
314,414,0
333,431,0
328,385,0
318,398,0
299,405,0
306,398,0
309,412,0
293,417,0
301,384,0
309,449,0
340,397,0
330,420,0
292,429,0
315,382,0
312,363,0
285,439,0
304,413,0
305,433,0
310,413,0
341,442,0
315,421,0
294,439,0
311,400,0
344,412,0
307,371,0
307,403,0
291,408,0
308,415,0
367,435,0
318,437,0
305,436,0
316,419,0
298,402,0
334,365,0
333,410,0
306,356,0
277,397,0
282,396,0
335,394,0
318,428,0
305,423,0
310,420,0
315,395,0
291,433,0
310,434,0
265,455,0
322,406,0
297,374,0
333,406,0
334,433,0
305,415,0
343,423,0
344,409,0
302,412,0
328,426,0
332,416,0
313,415,0
307,396,0
333,430,0
328,483,0
292,389,0
332,402,0
319,422,0
303,423,0
333,442,0
300,420,0
282,408,0
288,411,0
322,393,0
300,417,0
331,380,0
281,430,0
321,431,0
280,421,0
313,423,0
263,421,0
281,409,0
322,427,0
332,425,0
314,418,0
287,433,0
306,403,0
294,416,0
293,426,0
299,424,0
311,428,0
294,403,0
313,419,0
327,397,0
331,410,0
291,372,0
311,390,0
326,402,0
314,417,0
346,438,0
297,408,0
300,426,0
320,404,0
311,377,0
305,399,0
328,436,0
291,390,0
326,452,0
305,415,0
264,371,0
310,373,0
306,440,0
326,374,0
301,399,0
280,416,0
289,407,0
325,434,0
293,386,0
341,387,0
288,422,0
308,425,0
348,411,0
327,420,0
323,408,0
348,449,0
319,415,0
295,398,0
315,430,0
293,383,0
304,415,0
330,434,0
324,420,0
304,390,0
298,431,0
308,406,0
298,444,0
304,422,0
308,379,0
319,430,0
333,453,0
310,406,0
291,425,0
343,421,0
297,379,0
295,403,0
323,412,0
299,415,0
315,442,0
309,393,0
318,409,0
306,403,0
325,395,0
322,404,0
307,408,0
285,383,0
322,438,0
302,424,0
268,411,0
301,425,0
318,396,0
303,417,0
321,413,0
291,412,0
315,430,0
261,428,0
284,412,0
316,383,0
305,401,0
304,413,0
287,437,0
294,425,0
292,400,0
316,417,0
278,410,0
298,452,0
304,436,0
318,401,0
318,398,0
342,400,0
270,452,0
294,410,0
311,386,0
309,438,0
338,459,0
284,436,0
320,414,0
301,437,0
293,418,0
311,368,0
316,430,0
296,452,0
299,401,0
285,433,0
280,404,0
307,403,0
327,449,0
292,420,0
320,444,0
299,409,0
314,389,0
330,421,0
292,396,0
292,423,0
347,396,0
316,410,0
270,428,0
316,407,0
312,417,0
293,392,0
289,400,0
306,375,0
307,400,0
306,426,0
313,407,0
324,426,0
323,383,0
315,409,0
343,390,0
306,397,0
311,398,0
313,395,0
321,377,0
328,386,0
320,414,0
303,394,0
312,404,0
284,410,0
318,419,0
279,418,0
307,401,0
312,423,0
322,399,0
289,427,0
293,383,0
343,416,0
303,403,0
309,439,0
311,392,0
322,362,0
283,426,0
298,417,0
281,426,0
297,431,0
325,403,0
303,374,0
307,460,0
321,423,0
305,414,0
336,410,0
303,393,0
313,392,0
285,395,0
307,395,0
321,389,0
305,382,0
289,460,0
334,376,0
302,400,0
311,400,0
322,386,0
324,402,0
297,410,0
305,376,0
325,436,0
341,424,0
296,406,0
295,411,0
311,403,0
303,443,0
325,387,0
308,416,0
319,442,0
321,396,0
304,400,0
304,437,0
328,413,0
302,379,0
317,428,0
308,426,0
305,419,0
332,380,0
262,356,0
291,437,0
312,392,0
304,421,0
287,413,0
320,418,0
285,427,0
256,414,0
314,423,0
293,444,0
295,425,0
290,431,0
309,412,0
300,430,0
320,393,0
296,438,0
298,419,0
291,409,0
313,416,0
329,377,0
290,428,0
309,411,0
310,433,0
310,395,0
338,420,0
353,417,0
287,396,0
308,412,0
283,396,0
307,403,0
310,415,0
296,396,0
297,427,0
329,414,0
303,420,0
331,422,0
289,416,0
299,417,0
335,406,0
317,379,0
303,438,0
326,411,0
297,400,0
290,440,0
317,412,0
302,404,0
314,427,0
305,446,0
305,377,0
290,415,0
282,420,0
311,411,0
335,398,0
326,414,0
298,397,0
307,386,0
320,383,0
302,392,0
304,397,0
310,443,0
298,409,0
297,411,0
341,394,0
316,408,0
343,426,0
311,432,0
293,402,0
299,454,0
307,431,0
300,433,0
280,400,0
268,442,0
311,402,0
281,410,0
292,414,0
315,403,0
322,439,0
281,426,0
284,417,0
296,412,0
299,413,0
263,412,0
276,393,0
311,397,0
319,431,0
284,380,0
291,403,0
301,402,0
271,444,0
310,398,0
299,414,0
275,423,0
272,423,0
322,423,0
305,413,0
317,395,0
324,399,0
318,390,0
285,425,0
307,396,0
304,434,0
292,437,0
303,416,0
312,380,0
300,412,0
313,398,0
300,438,0
312,379,0
302,420,0
287,427,0
289,474,0
328,383,0
313,439,0
323,410,0
317,418,0
304,369,0
322,393,0
307,418,0
287,405,0
297,428,0
312,431,0
316,382,0
310,399,0
313,412,0
299,406,0
317,390,0
299,426,0
303,408,0
318,427,0
280,437,0
272,429,0
323,393,0
349,424,0
317,439,0
320,419,0
307,421,0
296,415,0
298,450,0
305,441,0
306,398,0
315,446,0
307,373,0
321,401,0
326,429,0
298,399,0
293,372,0
338,422,0
332,426,0
325,384,0
283,405,0
302,425,0
321,404,0
318,425,0
326,425,0
329,374,0
306,427,0
355,416,0
330,419,0
321,411,0
306,455,0
318,376,0
293,419,0
283,423,0
312,429,0
317,423,0
319,390,0
337,394,0
300,401,0
320,413,0
332,413,0
295,390,0
333,391,0
302,430,0
288,426,0
283,412,0
289,404,0
293,395,0
309,404,0
335,419,0
317,421,0
321,396,0
294,434,0
308,399,0
298,407,0
336,400,0
312,396,0
315,425,0
304,390,0
297,425,0
323,425,0
320,399,0
307,421,0
311,407,0
286,376,0
305,451,0
324,393,0
322,450,0
287,430,0
323,441,0
307,408,0
316,452,0
283,424,0
302,421,0
298,443,0
341,423,0
320,381,0
320,423,0
293,416,0
320,427,0
328,414,0
294,394,0
341,383,0
288,379,0
289,414,0
297,422,0
311,438,0
315,376,0
282,417,0
276,421,0
274,393,0
281,414,0
290,444,0
327,389,0
359,409,0
307,454,0
327,421,0
321,438,0
305,364,0
308,409,0
293,395,0
321,415,0
322,418,0
319,417,0
302,400,0
321,390,0
304,433,0
320,427,0
306,425,0
315,405,0
283,397,0
279,401,0
299,393,0
305,414,0
303,396,0
319,422,0
302,397,0
280,428,0
278,366,0
294,396,0
306,394,0
326,402,0
309,431,0
309,409,0
288,414,0
311,398,0
287,421,0
334,364,0
273,448,0
341,403,0
294,419,0
317,391,0
322,406,0
344,407,0
302,417,0
335,429,0
310,386,0
317,393,0
310,412,0
314,392,0
295,428,0
290,413,0
296,407,0
287,454,0
306,426,0
305,417,0
310,392,0
259,422,0
290,380,0
302,415,0
309,414,0
295,389,0
284,427,0
304,393,0
317,455,0
317,406,0
293,434,0
288,394,0
321,396,0
283,419,0
353,388,0
311,427,0
305,405,0
309,435,0
313,408,0
304,429,0
341,441,0
285,423,0
323,390,0
340,443,0
329,431,0
326,420,0
311,415,0
258,402,0
324,372,0
301,427,0
287,424,0
308,437,0
300,423,0
307,403,0
315,435,0
321,416,0
343,394,0
322,434,0
309,414,0
296,405,0
282,428,0
304,425,0
319,403,0
303,412,0
305,447,0
309,391,0
303,413,0
291,406,0
301,427,0
329,402,0
321,408,0
301,404,0
296,426,0
293,421,0
278,421,0
337,360,0
289,421,0
314,418,0
311,408,0
273,426,0
314,373,0
306,407,0
296,419,0
307,417,0
300,408,0
323,414,0
311,428,0
321,392,0
285,395,0
332,413,0
297,425,0
321,371,0
320,438,0
316,401,0
288,405,0
324,464,0
292,405,0
301,409,0
318,408,0
313,402,0
354,434,0
323,404,0
339,423,0
285,411,0
300,415,0
323,413,0
256,429,0
307,435,0
293,373,0
296,441,0
298,402,0
331,425,0
309,426,0
315,463,0
316,390,0
286,378,0
327,410,0
293,382,0
293,406,0
287,423,0
308,375,0
301,429,0
287,420,0
315,410,0
316,394,0
331,416,0
305,415,0
333,409,0
304,426,0
299,381,0
343,398,0
312,429,0
294,418,0
347,411,0
292,433,0
319,420,0
314,433,0
286,434,0
311,371,0
313,391,0
311,407,0
286,410,0
293,398,0
306,381,0
328,397,0
327,433,0
313,393,0
297,448,0
314,443,0
301,386,0
315,389,0
292,416,0
313,427,0
301,407,0
328,427,0
315,411,0
313,413,0
262,386,0
313,420,0
297,435,0
322,428,0
286,409,0
303,403,0
317,411,0
323,396,0
296,445,0
335,395,0
305,420,0
322,417,0
297,422,0
296,490,0
316,412,0
310,406,0
302,388,0
263,368,0
298,386,0
314,402,0
309,445,0
329,403,0
328,408,0
303,420,0
304,415,0
308,389,0
325,440,0
336,441,0
303,409,0
286,412,0
316,414,0
318,404,0
299,427,0
335,407,0
341,395,0
292,389,0
286,392,0
295,407,0
321,385,0
308,444,0
317,397,0
320,457,0
300,423,0
275,414,0
311,410,0
284,419,0
306,404,0
321,392,0
282,453,0
299,390,0
314,475,0
303,420,0
320,419,0
319,416,0
304,420,0
299,421,0
294,377,0
322,398,0
329,443,0
340,431,0
305,430,0
318,418,0
324,402,0
310,402,0
328,419,0
305,420,0
307,441,0
289,382,0
301,398,0
286,394,0
312,432,0
295,428,0
298,420,0
290,404,0
293,413,0
342,391,0
338,427,0
285,415,0
315,418,0
320,406,0
303,455,0
335,432,0
306,426,0
310,412,0
288,413,0
320,414,0
302,408,0
321,387,0
293,412,0
294,378,0
294,435,0
325,414,0
305,410,0
313,418,0
313,427,0
307,407,0
295,415,0
331,421,0
294,425,0
291,408,0
311,395,0
313,396,0
297,429,0
307,424,0
310,418,0
336,441,0
274,421,0
275,398,0
321,424,0
334,423,0
322,424,0
297,404,0
317,403,0
301,406,0
302,360,0
324,403,0
265,431,0
315,356,0
319,388,0
292,384,0
317,419,0
298,453,0
332,435,0
284,399,0
327,392,0
322,413,0
289,405,0
333,437,0
343,420,0
318,406,0
283,430,0
265,406,0
302,389,0
323,392,0
322,388,0
350,391,0
293,441,0
291,384,0
322,364,0
304,440,0
289,399,0
332,428,0
320,398,0
286,414,0
302,379,0
290,431,0
300,422,0
295,424,0
290,401,0
304,395,0
324,378,0
310,415,0
295,426,0
305,411,0
296,416,0
310,417,0
299,403,0
302,399,0
310,417,0
332,449,0
333,436,0
309,398,0
298,422,0
315,394,0
308,387,0
287,405,0
324,407,0
330,413,0
299,413,0
306,400,0
310,404,0
310,384,0
293,433,0
295,390,0
269,408,0
307,412,0
325,439,0
283,410,0
328,410,0
329,405,0
295,421,0
300,404,0
283,397,0
306,426,0
296,416,0
317,428,0
309,476,0
328,396,0
326,388,0
264,398,0
285,396,0
313,408,0
271,403,0
316,426,0
307,422,0
280,366,0
338,432,0
317,407,0
322,416,0
321,407,0
328,422,0
321,443,0
312,395,0
321,421,0
305,425,0
296,387,0
287,406,0
323,413,0
315,396,0
329,407,0
310,431,0
332,424,0
318,437,0
319,414,0
309,446,0
295,388,0
312,381,0
312,403,0
303,401,0
299,437,0
313,381,0
297,415,0
309,475,0
301,435,0
279,392,0
286,442,0
325,417,0
314,427,0
327,402,0
299,414,0
299,391,0
287,426,0
304,437,0
305,415,0
308,411,0
318,417,0
285,406,0
324,396,0
305,391,0
330,424,0
268,409,0
308,437,0
314,408,0
316,434,0
301,401,0
309,431,0
320,390,0
330,417,0
308,421,0
328,433,0
302,428,0
297,371,0
315,425,0
281,443,0
316,418,0
271,425,0
307,408,0
305,400,0
292,398,0
295,434,0
294,388,0
314,418,0
320,416,0
318,393,0
316,397,0
296,392,0
292,399,0
318,426,0
345,390,0
316,409,0
298,436,0
305,420,0
302,439,0
330,349,0
334,417,0
341,407,0
290,434,0
314,438,0
325,416,0
315,419,0
307,395,0
305,410,0
302,415,0
290,395,0
316,446,0
311,417,0
310,382,0
312,395,0
323,411,0
317,401,0
328,400,0
311,433,0
311,368,0
285,407,0
295,439,0
320,396,0
327,400,0
336,416,0
308,377,0
296,413,0
285,413,0
287,408,0
318,399,0
309,417,0
296,426,0
330,398,0
282,435,0
320,386,0
329,412,0
311,398,0
324,413,0
279,417,0
272,433,0
287,412,0
299,396,0
278,406,0
315,375,0
326,460,0
287,392,0
299,405,0
287,443,0
302,397,0
329,407,0
301,415,0
315,391,0
300,421,0
303,435,0
320,424,0
325,395,0
323,404,0
301,399,0
292,422,0
328,417,0
325,449,0
316,384,0
330,375,0
311,426,0
317,428,0
295,416,0
337,404,0
290,410,0
322,409,0
340,386,0
300,404,0
334,440,0
277,400,0
327,403,0
326,387,0
306,421,0
334,422,0
317,388,0
308,394,0
300,402,0
314,409,0
297,385,0
289,398,0
309,389,0
306,391,0
309,427,0
290,367,0
318,404,0
292,409,0
296,387,0
340,431,0
308,392,0
312,398,0
306,402,0
319,412,0
344,370,0
320,413,0
310,418,0
297,408,0
275,404,0
315,443,0
319,404,0
290,404,0
327,394,0
292,419,0
318,398,0
304,422,0
294,403,0
288,423,0
311,405,0
307,454,0
278,391,0
337,427,0
290,407,0
307,379,0
302,409,0
335,397,0
302,457,0
320,389,0
308,411,0
318,417,0
335,398,0
299,391,0
313,397,0
289,387,0
307,404,0
321,413,0
315,418,0
308,421,0
297,403,0
293,455,0
316,392,0
323,402,0
329,424,0
291,429,0
293,422,0
314,428,0
278,394,0
312,393,0
318,387,0
306,367,0
319,415,0
312,408,0
278,392,0
307,417,0
305,399,0
311,446,0
294,431,0
299,425,0
304,398,0
298,404,0
316,399,0
324,467,0
310,402,0
298,385,0
302,400,0
316,389,0
290,426,0
324,388,0
341,370,0
337,383,0
295,404,0
321,381,0
299,402,0
334,380,0
321,405,0
277,404,0
323,408,0
272,404,0
321,448,0
293,413,0
316,461,0
303,401,0
344,386,0
327,431,0
326,409,0
320,413,0
311,424,0
290,416,0
337,400,0
305,430,0
342,374,0
329,414,0
325,416,0
321,438,0
322,400,0
305,447,0
316,460,0
332,410,0
259,414,0
308,380,0
332,430,0
318,407,0
328,399,0
274,402,0
321,425,0
288,396,0
289,403,0
297,424,0
282,423,0
312,389,0
308,437,0
325,416,0
307,438,0
288,412,0
342,442,0
332,413,0
295,401,0
326,460,0
315,398,0
331,382,0
321,430,0
318,400,0
319,407,0
305,395,0
260,459,0
267,407,0
324,412,0
321,389,0
288,393,0
309,412,0
309,405,0
324,384,0
322,382,0
301,423,0
301,376,0
311,417,0
298,426,0
297,419,0
291,413,0
308,409,0
294,401,0
307,413,0
306,390,0
301,427,0
284,405,0
318,423,0
310,392,0
323,416,0
280,419,0
319,408,0
328,446,0
308,415,0
287,400,0
307,411,0
301,398,0
305,413,0
312,417,0
281,423,0
323,385,0
299,439,0
289,431,0
317,434,0
301,411,0
285,412,0
303,415,0
302,399,0
308,419,0
276,431,0
316,422,0
328,404,0
292,450,0
263,406,0
328,398,0
346,401,0
340,410,0
309,371,0
314,413,0
313,458,0
337,382,0
311,396,0
323,467,0
335,401,0
327,430,0
296,402,0
309,386,0
298,405,0
302,396,0
287,411,0
280,413,0
298,407,0
291,443,0
296,410,0
317,410,0
283,411,0
312,429,0
291,442,0
304,428,0
323,410,0
320,437,0
298,407,0
328,409,0
302,416,0
287,394,0
298,415,0
310,420,0
310,410,0
311,370,0
330,386,0
304,415,0
303,433,0
310,369,0
345,406,0
318,415,0
321,424,0
282,429,0
308,415,0
300,418,0
322,396,0
279,440,0
291,448,0
309,417,0
297,440,0
296,429,0
316,381,0
297,427,0
272,392,0
327,409,0
314,396,0
321,374,0
340,410,0
289,415,0
313,414,0
322,408,0
290,432,0
309,432,0
336,411,0
305,397,0
305,419,0
293,453,0
296,386,0
340,407,0
330,394,0
286,415,0
353,421,0
315,409,0
295,388,0
313,446,0
307,398,0
309,378,0
307,387,0
306,409,0
297,386,0
298,434,0
325,392,0
329,406,0
292,398,0
302,398,0
283,377,0
314,389,0
358,428,0
282,388,0
316,365,0
336,429,0
288,429,0
327,384,0
341,457,0
335,426,0
282,446,0
329,406,0
329,388,0
305,432,0
297,412,0
332,410,0
302,428,0
321,438,0
311,370,0
307,399,0
309,426,0
314,424,0
321,400,0
321,395,0
316,382,0
329,410,0
326,414,0
312,411,0
319,458,0
290,383,0
320,414,0
288,392,0
286,403,0
303,399,0
308,447,0
310,398,0
325,423,0
341,402,0
351,415,0
288,417,0
304,461,0
305,381,0
333,417,0
303,406,0
292,431,0
306,391,0
319,378,0
361,432,0
315,412,0
273,413,0
320,453,0
301,412,0
302,412,0
316,383,0
295,411,0
295,389,0
341,417,0
330,411,0
302,393,0
305,388,0
307,426,0
301,413,0
301,406,0
325,402,0
286,414,0
281,418,0
304,435,0
308,369,0
334,444,0
323,403,0
300,406,0
291,402,0
309,400,0
302,443,0
303,435,0
287,416,0
326,427,0
336,428,0
308,401,0
307,412,0
290,464,0
291,431,0
319,430,0
326,425,0
313,423,0
352,418,0
306,403,0
316,425,0
297,410,0
316,377,0
288,426,0
314,425,0
291,393,0
279,381,0
280,379,0
289,409,0
296,433,0
332,433,0
304,409,0
338,403,0
325,381,0
307,430,0
340,425,0
288,382,0
335,429,0
310,413,0
291,417,0
287,387,0
314,400,0
302,396,0
303,393,0
363,432,0
322,426,0
304,426,0
327,428,0
310,428,0
299,408,0
286,400,0
342,405,0
321,404,0
334,385,0
302,423,0
326,402,0
298,421,0
318,374,0
300,427,0
321,422,0
288,429,0
287,410,0
265,431,0
297,431,0
322,425,0
289,411,0
347,435,0
309,443,0
316,369,0
291,393,0
290,411,0
310,436,0
301,409,0
308,398,0
308,424,0
304,389,0
312,420,0
333,403,0
325,393,0
326,406,0
309,413,0
310,365,0
298,426,0
313,412,0
285,393,0
284,374,0
313,411,0
321,425,0
293,422,0
330,400,0
304,414,0
287,403,0
302,404,0
307,439,0
316,385,0
313,397,0
275,391,0
319,390,0
316,379,0
278,393,0
302,425,0
276,435,0
284,372,0
322,410,0
334,449,0
282,408,0
294,393,0
316,429,1
290,389,0
321,411,0
284,414,0
313,397,0
310,442,0
348,416,0
299,430,0
303,426,0
319,439,0
308,429,0
306,365,0
291,393,0
312,434,0
286,413,0
344,447,0
280,393,0
313,442,0
299,436,0
283,436,0
276,371,0
311,424,0
326,429,0
291,389,0
281,404,0
317,395,0
310,417,0
285,451,0
320,393,0
276,405,0
323,396,0
313,416,0
302,389,0
328,414,0
312,402,0
306,387,0
296,404,0
283,460,0
316,403,0
291,381,0
339,428,0
311,396,0
294,372,0
321,405,0
330,439,0
300,391,0
324,431,0
315,394,0
337,433,0
312,407,0
312,415,0
281,397,0
302,423,0
283,443,0
319,386,0
301,424,0
334,390,0
307,425,0
301,372,0
301,418,0
325,400,0
295,418,0
313,442,0
289,375,0
346,391,0
314,409,0
295,407,0
313,381,0
308,404,0
284,393,0
312,424,0
291,414,0
287,394,0
298,432,0
310,401,0
298,410,0
294,401,0
320,437,0
298,412,0
324,369,0
299,400,0
329,405,0
288,410,0
306,429,0
300,438,0
325,338,0
289,392,0
310,398,0
308,386,0
333,429,0
315,381,0
274,427,0
303,390,0
289,463,0
295,373,0
281,404,0
339,395,0
288,403,0
302,414,0
300,454,0
320,408,0
322,370,0
332,432,0
291,391,0
304,411,0
303,465,0
260,383,0
314,391,0
291,422,0
283,416,0
317,432,0
315,384,0
291,448,0
290,395,0
279,436,0
288,424,0
296,406,0
309,372,0
326,432,1
331,415,0
301,407,0
329,392,0
299,442,0
303,410,0
304,374,0
323,409,0
320,402,0
300,390,0
306,410,0
326,389,0
326,425,0
288,400,0
330,414,0
319,386,0
327,413,0
288,393,0
303,435,0
291,439,0
316,397,0
317,381,0
312,418,0
333,422,0
320,428,0
322,446,0
327,467,0
302,423,0
287,379,0
308,457,0
291,420,0
286,404,0
331,415,0
297,383,0
294,379,0
306,431,0
311,447,0
314,397,0
310,412,0
314,419,0
292,408,0
325,397,0
295,400,0
330,402,0
332,423,0
298,413,0
313,409,0
295,403,0
297,411,0
319,395,0
312,410,0
315,370,0
294,422,0
330,405,0
277,420,0
284,375,0
293,429,0
293,407,0
310,397,0
346,401,0
311,416,0
306,413,0
321,394,0
273,411,0
296,411,0
299,410,0
300,434,0
306,397,0
298,372,0
279,398,0
307,424,0
296,411,0
312,419,0
317,420,0
293,418,0
348,446,0
294,418,0
288,405,0
308,426,0
334,409,0
309,414,0
316,406,0
289,382,0
310,460,0
289,395,0
296,437,0
351,399,0
325,425,0
317,392,0
334,442,0
315,430,0
316,401,0
315,399,0
313,412,0
340,365,0
307,399,0
292,454,0
305,442,0
295,391,0
293,390,0
338,443,0
305,434,0
297,409,0
299,406,0
293,414,0
299,383,0
287,385,0
326,442,0
280,417,0
321,444,0
322,434,0
333,415,0
297,423,0
299,409,0
300,386,0
281,468,0
307,419,0
308,392,0
272,400,0
314,376,0
311,417,0
326,423,0
318,419,0
342,411,0
321,410,0
319,423,0
326,418,0
296,409,0
280,466,0
289,421,0
298,404,0
326,381,0
290,427,0
310,416,0
302,435,0
307,429,0
287,390,0
324,411,0
301,446,0
305,389,0
310,405,0
298,426,0
280,388,0
291,384,0
315,405,0
316,413,0
302,428,0
305,397,0
310,418,0
310,422,0
288,423,0
289,428,0
314,418,0
336,412,0
291,408,0
303,403,0
308,405,0
309,436,0
294,403,0
342,399,0
274,405,0
307,416,0
321,374,0
289,424,0
291,447,0
299,396,0
323,394,0
315,406,0
284,395,0
318,380,0
331,423,0
321,412,0
324,410,0
307,411,0
311,401,0
342,402,0
319,377,0
295,419,0
328,419,0
306,419,0
325,402,0
314,423,0
364,400,0
299,410,0
310,407,0
290,400,0
313,371,0
316,439,0
320,398,0
301,403,0
319,415,0
316,379,0
291,409,0
301,421,0
306,437,0
301,385,0
334,439,0
319,409,0
311,399,0
303,404,0
322,393,0
338,379,0
317,409,0
271,409,0
290,411,0
292,415,0
317,411,0
346,418,0
301,392,0
306,430,0
290,412,0
291,420,0
311,424,0
297,415,0
304,396,0
304,415,0
327,385,0
290,364,0
320,407,0
268,406,0
342,409,0
300,359,0
300,416,0
280,386,0
308,441,0
337,400,0
286,421,0
312,370,0
328,435,0
310,469,0
303,401,0
318,413,0
331,379,0
289,422,0
326,407,0
327,422,0
310,428,0
283,408,0
326,442,0
326,422,0
278,452,0
308,436,0
276,428,0
332,419,0
313,398,0
311,383,0
320,404,0
304,434,0
316,420,0
276,387,0
318,405,0
302,417,0
281,419,0
304,414,0
326,396,0
316,375,0
318,413,0
299,415,0
310,439,0
288,401,0
307,411,0
305,412,0
279,425,0
309,392,0
317,408,0
327,435,0
317,452,0
301,431,0
280,439,0
304,424,0
321,420,0
287,416,0
294,403,0
315,399,0
318,414,0
308,395,0
285,384,0
311,423,0
330,439,0
296,387,0
327,407,0
335,395,0
300,443,0
332,389,0
313,404,0
312,426,0
302,424,0
319,415,0
317,424,0
297,387,0
270,452,0
310,395,0
323,445,0
287,422,0
322,389,0
299,418,0
286,416,0
306,431,0
327,425,0
288,397,0
331,390,0
325,389,0
312,427,0
296,405,0
290,421,0
317,413,0
309,441,0
299,415,0
330,438,0
284,393,0
299,432,0
283,420,0
283,412,0
297,417,0
308,428,0
336,417,0
310,422,0
346,420,0
308,398,0
300,437,0
302,424,0
301,397,0
292,407,0
310,400,0
297,408,0
327,400,0
291,430,0
317,397,0
284,408,0
329,398,0
335,393,0
306,442,0
291,398,0
301,410,0
317,416,0
307,463,0
317,427,0
322,419,0
268,416,0
295,408,0
297,367,0
283,374,0
319,358,0
341,390,0
279,414,0
303,394,0
296,409,0
343,445,0
315,386,0
327,381,0
316,384,0
280,366,0
301,413,0
313,385,0
326,389,0
307,408,0
302,458,0
286,415,0
321,425,0
324,450,0
310,433,0
318,420,0
319,398,0
264,408,0
325,402,0
293,405,0
314,400,0
308,411,0
307,387,0
297,395,0
349,407,0
319,415,0
310,456,0
304,446,0
299,396,0
321,431,0
310,440,0
282,422,0
307,395,0
301,443,0
324,430,0
310,406,0
319,403,0
331,408,0
307,394,0
305,421,0
336,423,0
292,451,0
304,403,0
309,406,0
305,433,0
295,411,0
295,439,0
321,414,0
306,392,0
273,410,0
312,449,0
324,396,0
320,422,0
303,423,0
326,401,0
318,378,0
324,385,0
310,442,0
317,427,0
308,441,0
280,402,0
304,418,0
313,442,0
301,408,0
301,398,0
297,415,0
315,416,0
299,408,0
291,418,0
344,421,0
329,431,0
292,413,0
307,421,0
282,417,0
298,410,0
312,430,0
319,376,0
316,428,0
299,449,0
296,408,0
314,440,0
320,415,0
275,440,0
290,408,0
277,417,0
309,428,0
291,417,0
339,400,0
298,413,0
301,414,0
278,420,0
308,370,0
276,416,0
296,432,0
294,442,0
300,430,0
303,391,0
299,398,0
303,411,0
330,408,0
295,426,0
323,429,0
332,428,0
306,410,0
291,424,0
277,399,0
315,391,0
325,433,0
344,385,0
329,404,0
316,442,0
292,391,0
318,458,0
324,423,0
341,408,0
324,393,0
314,428,0
340,419,0
334,413,0
330,406,0
291,389,0
302,421,0
312,412,0
314,441,0
304,451,0
324,412,0
304,418,0
304,392,0
304,417,0
319,405,0
318,429,0
310,445,0
280,390,0
320,449,0
308,404,0
340,435,0
288,410,0
312,424,0
330,393,0
304,422,0
294,418,0
315,434,0
284,410,0
293,405,0
314,396,0
326,393,0
323,413,0
333,430,0
311,395,0
325,391,0
319,416,0
310,420,0
326,435,0
307,429,0
303,424,0
295,427,0
312,439,0
312,444,0
285,406,0
316,454,0
316,422,0
289,407,0
308,433,0
317,430,0
310,406,0
301,451,0
304,409,0
314,432,0
292,421,0
306,366,0
306,388,0
298,422,0
310,435,0
307,438,0
320,430,0
322,426,0
305,398,0
323,412,0
313,414,0
301,416,0
282,407,0
334,397,0
303,416,0
294,426,0
320,426,0
295,420,0
314,384,0
282,381,0
291,419,0
274,375,0
302,400,0
311,403,0
339,387,0
300,397,0
302,448,0
300,413,0
313,399,0
300,432,0
318,403,0
322,419,0
312,415,0
292,423,0
326,436,0
324,406,0
293,419,0
287,390,0
306,419,0
303,383,0
286,416,0
339,426,0
306,416,0
350,407,0
306,415,0
320,365,0
323,380,0
322,388,0
323,435,0
311,403,0
344,442,0
306,385,0
319,393,0
314,398,0
300,420,0
294,422,0
317,414,0
314,401,0
329,439,0
324,420,0
312,444,0
309,401,0
310,386,0
333,422,0
303,406,0
323,375,0
315,426,0
282,414,0
304,413,0
304,431,0
329,412,0
308,406,0
302,419,0
326,442,0
327,387,0
283,437,0
315,412,0
350,427,0
308,418,0
291,413,0
286,410,0
286,412,0
305,465,0
341,427,0
300,400,0
340,368,0
323,420,0
365,367,0
305,406,0
302,420,0
328,398,0
300,404,0
322,406,0
339,409,0
292,430,0
311,406,0
283,419,0
285,373,0
310,425,0
307,386,0
318,390,0
317,437,0
333,414,0
278,393,0
302,394,0
296,417,0
274,384,0
324,421,0
312,404,0
307,423,0
289,401,0
307,421,0
295,413,0
313,396,0
331,428,0
325,424,0
303,442,0
307,463,0
254,387,0
310,410,0
312,382,0
324,433,0
327,403,0
304,444,0
340,384,0
306,398,0
276,397,0
281,419,0
314,421,0
315,425,0
299,408,0
328,408,0
324,380,0
318,431,0
300,407,0
284,392,0
323,427,0
290,387,0
280,408,0
289,423,0
304,442,0
293,387,0
308,419,0
333,404,0
292,383,0
303,414,0
315,433,0
332,401,0
352,406,0
307,410,0
273,442,0
333,419,0
309,434,0
317,405,0
322,430,0
311,424,0
316,378,0
309,412,0
328,436,0
307,405,0
310,392,0
308,396,0
312,439,0
300,414,0
330,406,0
310,425,0
273,421,0
300,409,0
313,408,0
302,393,0
280,413,0
313,382,0
318,406,0
332,425,0
316,437,0
309,392,0
288,402,0
327,416,0
318,382,0
340,451,0
304,430,0
314,434,0
321,412,0
288,417,0
308,412,0
307,387,0
302,406,0
295,417,0
311,399,0
325,411,0
291,427,0
314,430,0
310,410,0
289,403,0
312,395,0
327,440,0
294,444,0
323,417,0
315,395,0
315,422,0
291,429,0
280,421,0
314,418,0
317,437,0
311,427,0
284,432,0
337,433,0
304,439,0
313,381,0
318,442,0
307,370,0
315,410,0
309,439,0
313,423,0
319,429,0
336,424,0
330,366,0
324,404,0
310,412,0
327,389,0
318,422,0
321,371,0
309,450,0
296,408,0
312,398,0
288,408,0
294,437,0
322,416,0
313,463,0
317,445,0
288,396,0
296,393,0
301,393,0
302,453,0
317,413,0
302,451,0
313,400,0
290,391,0
309,407,0
304,459,0
298,407,0
292,394,0
311,397,0
307,422,0
293,378,0
309,410,0
318,383,0
307,433,0
278,396,0
313,417,0
305,396,0
293,404,0
319,392,0
286,403,0
273,420,0
328,433,0
310,440,0
314,383,0
312,401,0
336,407,0
328,393,0
300,407,0
302,381,0
315,421,0
299,402,0
313,408,0
279,405,0
295,384,0
292,403,0
294,440,0
321,373,0
311,397,0
316,405,0
268,425,0
313,432,0
322,411,0
332,395,0
288,424,0
315,436,0
326,358,0
289,427,0
312,388,0
331,395,0
306,440,0
315,406,0
324,395,0
307,417,0
306,392,0
327,433,0
324,441,0
292,391,0
294,404,0
285,406,0
311,402,0
288,419,0
343,416,0
300,428,0
291,456,0
304,432,0
303,378,0
283,445,0
296,405,0
289,406,0
303,402,0
310,391,0
320,394,0
334,400,0
325,401,0
272,445,0
285,396,0
296,391,0
349,433,0
307,421,0
320,412,0
274,385,0
309,410,0
337,460,0
304,437,0
303,439,0
308,410,0
307,378,0
321,380,0
307,412,0
306,399,0
286,431,0
324,408,0
319,402,0
321,447,0
281,409,0
315,384,0
306,376,0
295,424,0
305,399,0
298,444,0
299,412,0
296,397,0
294,415,0
306,417,0
307,390,0
332,430,0
279,417,0
323,410,0
351,396,0
259,402,0
331,434,0
310,439,0
314,382,0
301,387,0
309,395,0
309,392,0
294,401,0
283,381,0
329,407,0
327,438,0
300,407,0
300,407,0
339,429,0
324,431,0
288,419,0
341,405,0
275,427,0
306,388,0
320,467,0
304,428,0
305,381,0
295,366,0
288,407,0
308,434,0
319,403,0
322,400,0
313,388,0
313,391,0
308,377,0
328,385,0
274,402,0
277,383,0
281,422,0
318,402,0
322,400,0
303,434,0
291,449,0
280,392,0
322,418,0
323,429,0
302,430,0
290,398,0
302,385,0
320,414,0
332,423,0
306,410,0
293,400,0
311,408,0
291,413,0
321,418,0
287,415,0
305,429,0
268,397,0
350,410,0
330,413,0
307,404,0
293,416,0
288,451,0
336,416,0
309,419,0
302,400,0
304,398,0
334,409,0
328,400,0
320,430,0
308,420,0
295,441,0
306,429,0
319,439,0
329,424,0
290,405,0
310,435,0
320,403,0
287,435,0
311,398,0
334,373,0
302,427,0
308,414,0
306,408,0
312,418,0
322,420,0
321,413,0
306,423,0
315,409,0
316,437,0
308,419,0
318,444,0
333,392,0
308,401,0
322,433,0
290,386,0
313,440,0
311,431,0
318,392,0
301,409,0
315,405,0
315,415,0
313,434,0
290,421,0
331,372,0
316,439,0
315,440,0
288,414,0
317,410,0
314,399,0
301,395,0
313,417,0
324,403,0
291,418,0
274,420,0
315,408,0
324,428,0
298,375,0
340,409,0
335,398,0
277,397,0
312,399,0
282,409,0
312,407,0
348,399,0
313,435,0
319,406,0
300,390,0
268,419,0
340,434,0
335,393,0
301,405,0
294,448,0
321,410,0
321,360,0
319,360,0
308,382,0
335,427,0
265,400,0
318,425,0
305,400,0
308,439,0
314,414,0
324,378,0
289,470,0
314,432,0
330,456,0
332,418,0
312,421,0
331,401,0
300,431,0
302,422,0
319,370,0
286,405,0
309,416,0
320,423,0
304,433,0
335,419,0
302,391,0
270,444,0
303,394,0
302,413,0
303,395,0
338,438,0
321,389,0
317,432,0
302,434,0
316,420,0
295,398,0
311,388,0
287,406,0
308,398,0
318,420,0
306,403,0
308,398,0
310,432,0
294,400,0
313,372,0
302,414,0
309,402,0
310,446,0
332,382,0
329,414,0
291,431,0
301,388,0
301,419,0
310,409,0
305,398,0
313,385,0
282,378,0
319,437,0
326,379,0
301,424,0
298,442,0
301,397,0
319,423,0
316,390,0
309,420,0
304,427,0
352,384,0
307,418,0
336,392,0
295,401,0
297,373,0
291,398,0
312,433,0
292,396,0
342,381,0
310,435,0
300,385,0
312,418,0
304,443,0
303,429,0
327,428,0
308,419,0
296,422,0
294,439,0
305,435,0
256,432,0
314,415,0
290,420,0
302,400,0
306,391,0
312,427,0
306,414,0
314,440,0
328,418,0
329,385,0
336,425,0
325,461,0
291,425,0
302,428,0
330,407,0
307,382,0
326,381,0
326,436,0
292,397,0
298,409,0
321,433,0
280,393,0
305,424,0
262,439,0
258,423,0
291,419,0
321,435,0
318,405,0
322,413,0
281,389,0
272,404,0
308,379,0
308,441,0
306,388,0
342,390,0
301,380,0
327,423,0
318,404,0
328,403,0
313,413,0
314,420,0
282,418,0
304,406,0
300,412,0
286,389,0
283,421,0
267,374,0
315,417,0
264,428,0
311,403,0
312,417,0
319,418,0
318,410,0
323,412,0
313,432,0
312,362,0
299,383,0
317,409,0
317,422,0
308,423,0
305,409,0
334,408,0
289,409,0
294,441,0
340,383,0
305,426,0
297,408,0
292,384,0
292,383,0
277,413,0
303,401,0
305,385,0
337,399,0
345,386,0
331,416,0
286,417,0
320,404,0
319,400,0
333,413,0
311,427,0
311,436,0
300,408,0
280,431,0
327,401,0
324,428,0
324,409,0
287,379,0
330,403,0
339,380,0
311,384,0
328,405,0
294,440,0
290,387,0
330,409,0
323,431,0
322,392,0
307,429,0
316,405,0
314,419,0
308,414,0
310,432,0
310,423,0
318,402,0
333,409,0
303,430,0
322,397,0
322,420,0
309,410,0
300,404,0
307,411,0
309,399,0
313,423,0
325,400,0
285,446,0
343,403,0
284,379,0
319,398,0
318,426,0
314,419,0
316,393,0
300,432,0
321,383,0
308,420,0
286,416,0
354,403,0
310,413,0
322,416,0
314,398,0
333,407,0
293,381,0
322,429,0
312,400,0
305,401,0
301,446,0
344,409,0
312,424,0
311,402,0
298,417,0
295,419,0
283,424,0
283,383,0
298,422,0
307,379,0
285,439,0
307,390,0
290,414,0
318,451,0
313,415,0
306,403,0
314,399,0
308,399,0
291,376,0
308,394,0
326,399,0
353,434,0
327,369,0
327,449,0
311,429,0
303,395,0
317,421,0
303,396,0
320,427,0
283,469,0
323,412,0
282,419,0
299,399,0
304,391,0
300,448,0
313,396,0
294,426,0
325,441,0
311,424,0
313,449,0
301,430,0
351,392,0
314,454,0
322,422,0
304,433,0
333,398,0
335,433,0
325,443,0
316,407,0
303,433,0
292,442,0
334,405,0
285,426,0
298,425,0
316,398,0
287,401,0
310,466,0
375,438,0
312,405,0
308,447,0
292,422,0
266,402,0
299,420,0
290,429,0
290,447,0
318,411,0
310,455,0
316,411,0
325,392,0
316,388,0
314,423,0
341,411,0
315,398,0
283,417,0
318,392,0
297,412,0
307,445,0
313,441,0
296,392,0
323,409,0
305,416,0
333,426,0
282,402,0
312,393,0
307,429,0
303,431,0
303,405,0
312,417,0
324,380,0
305,401,0
320,391,0
302,398,0
294,385,0
322,414,0
341,406,0
313,402,0
292,443,0
325,400,0
324,428,0
303,416,0
298,434,0
305,413,0
316,387,0
317,442,0
312,383,0
286,399,0
318,419,0
323,436,0
306,407,0
311,408,0
323,411,0
335,434,0
290,406,0
327,374,0
318,450,0
328,427,0
326,426,0
313,414,0
338,456,0
282,400,0
309,439,0
314,415,0
291,423,0
321,419,0
312,405,0
279,394,0
326,418,0
298,438,0
294,385,0
325,397,0
297,423,0
311,444,0
336,430,0
327,435,0
295,384,0
298,426,0
282,423,0
306,410,0
323,434,0
317,447,0
324,432,0
306,394,0
282,391,0
308,399,0
276,421,0
309,404,0
323,415,0
344,392,0
300,436,0
286,414,0
294,418,0
289,385,0
319,416,0
302,414,0
316,395,0
304,430,0
330,424,0
297,426,0
324,425,0
296,393,0
290,413,0
302,418,0
319,419,0
314,420,0
297,403,0
310,443,0
335,363,0
304,418,0
327,394,0
338,386,0
335,423,0
311,411,0
312,408,0
299,422,0
310,435,0
318,433,0
289,443,0
311,428,0
310,406,0
319,419,0
326,416,0
313,405,0
327,415,0
286,425,0
299,398,0
271,362,0
333,372,0
315,404,0
303,386,0
279,431,0
309,428,0
303,369,0
284,420,0
318,385,0
315,402,0
285,384,0
294,442,0
292,416,0
330,413,0
321,421,0
319,406,0
329,423,0
319,398,0
295,420,0
300,387,0
316,376,0
309,394,0
339,388,0
295,413,0
349,408,0
302,413,0
321,435,0
308,420,0
331,425,0
337,442,0
324,408,0
292,400,0
326,398,0
292,423,0
315,426,0
269,390,0
310,418,0
307,452,0
315,424,0
312,425,0
302,392,0
267,410,0
335,389,0
318,404,0
312,418,0
304,402,0
342,387,0
279,403,0
294,376,0
289,392,0
315,387,0
271,414,0
292,415,0
293,418,0
274,385,0
326,383,0
314,435,0
310,430,0
316,433,0
298,413,0
338,404,0
293,441,0
310,402,0
323,423,0
334,381,0
293,421,0
318,422,0
313,391,0
320,395,0
318,415,0
298,408,0
302,420,0
293,410,0
314,418,0
328,387,0
311,390,0
292,398,0
316,432,0
319,412,0
289,441,0
321,423,0
285,397,0
308,397,0
316,408,0
320,386,0
320,414,0
305,402,0
315,428,0
296,382,0
312,414,0
299,402,0
304,392,0
321,392,0
307,416,0
300,434,0
307,370,0
318,398,0
314,402,0
306,421,0
307,457,0
302,442,0
297,413,0
299,441,0
283,417,0
328,422,0
323,422,0
352,416,0
315,393,0
298,403,0
320,376,0
327,392,0
336,446,0
301,387,0
291,397,0
306,417,0
345,403,0
282,420,0
320,416,0
287,384,0
306,410,0
325,418,0
304,397,0
282,434,0
347,440,0
317,418,0
322,381,0
297,378,0
296,419,0
299,405,0
309,410,0
285,412,0
310,411,0
341,439,0
298,433,0
290,409,0
325,381,0
330,434,0
311,415,0
295,431,0
313,404,0
309,400,0
313,355,0
294,430,0
322,372,0
318,387,0
286,440,0
286,425,0
301,394,0
308,377,0
313,418,0
323,391,0
326,379,0
330,421,0
300,411,0
293,410,0
285,387,0
279,409,0
318,398,0
311,437,0
303,390,0
325,432,0
303,412,0
313,398,0
323,421,0
303,383,0
292,390,0
288,397,0
309,421,0
308,412,0
332,441,0
265,402,0
302,398,0
338,397,0
318,387,0
305,397,0
294,407,0
301,450,0
307,404,0
329,454,0
324,406,0
309,418,0
315,390,0
311,418,0
305,444,0
329,408,0
307,415,0
303,442,0
327,422,0
317,416,0
301,385,0
315,401,0
285,433,0
330,414,0
315,461,0
318,413,0
308,410,0
304,422,0
318,474,0
308,408,0
323,405,0
314,448,0
300,400,0
278,379,0
325,391,0
335,407,0
292,408,0
306,364,0
326,404,0
314,405,0
326,406,0
296,363,0
314,396,0
310,428,0
301,398,0
311,433,0
297,442,0
322,417,0
319,403,0
298,421,0
298,403,0
307,411,0
306,405,0
303,422,0
273,379,0
325,371,0
291,414,0
372,404,0
294,421,0
290,386,0
308,401,0
275,401,0
299,376,0
315,404,0
283,427,0
292,401,0
317,411,0
333,403,0
296,376,0
290,389,0
293,410,0
297,409,0
300,396,0
303,400,0
309,415,0
319,411,0
278,396,0
306,445,0
307,454,0
298,406,0
298,404,0
279,407,0
298,421,0
322,456,0
349,415,0
307,415,0
303,410,0
294,402,0
337,416,0
319,390,0
290,415,0
309,412,0
302,391,0
308,447,0
306,433,0
307,449,0
344,383,0
312,432,0
363,406,0
313,410,0
293,401,0
293,410,0
309,436,0
291,441,0
302,419,0
332,430,0
308,431,0
328,437,0
298,437,0
317,410,0
327,399,0
304,409,0
336,400,0
299,393,0
297,401,0
298,424,0
304,403,0
266,422,0
292,410,0
289,432,0
299,422,0
320,415,0
299,434,0
306,385,0
300,396,0
318,473,0
300,389,0
306,421,0
277,394,0
329,411,0
320,385,0
290,408,0
335,408,0
318,355,0
321,417,0
326,403,0
311,461,0
284,434,0
282,405,0
292,423,0
309,405,0
297,442,0
291,384,0
310,404,0
319,413,0
314,407,0
307,438,0
286,396,0
302,414,0
312,366,0
304,404,0
322,402,0
311,401,0
299,429,0
316,393,0
297,410,0
295,421,0
332,440,0
328,386,0
281,416,0
330,406,0
302,406,0
310,444,0
325,437,0
328,408,0
324,419,0
316,392,0
330,445,0
286,420,0
316,402,0
286,422,0
328,379,0
301,423,0
294,429,0
317,386,0
331,422,0
304,382,0
292,410,0
325,404,0
316,426,0
290,433,0
331,404,0
310,380,0
332,392,0
311,377,0
288,455,0
302,401,0
332,391,0
319,420,0
282,394,0
299,396,0
347,405,0
318,411,0
297,369,0
297,419,0
315,432,0
278,406,0
296,378,0
308,405,0
303,380,0
319,375,0
288,387,0
321,416,0
344,402,0
317,386,0
284,395,0
309,389,0
290,407,0
331,433,0
337,396,0
305,422,0
310,425,0
327,410,0
320,418,0
327,417,0
315,403,0
321,442,0
268,437,0
314,431,0
327,402,0
323,418,0
318,391,0
320,404,0
314,408,0
315,398,0
284,387,0
309,430,0
302,432,0
293,409,0
312,377,0
294,415,0
305,437,0
313,422,0
318,400,0
287,427,0
281,378,0
279,426,0
299,440,0
290,443,0
336,423,0
335,402,0
299,419,0
309,393,0
295,399,0
313,422,0
311,422,0
318,427,0
291,408,0
306,395,0
310,398,0
302,425,0
313,398,0
314,438,0
334,394,0
288,387,0
328,388,0
317,432,0
315,389,0
298,414,0
300,414,0
326,424,0
316,404,0
295,414,0
327,435,0
312,406,0
290,432,0
308,420,0
299,411,0
286,432,0
317,425,0
293,401,0
298,447,0
300,408,0
332,391,0
285,398,0
294,404,0
293,408,0
296,409,0
319,400,0
296,400,0
321,408,0
327,421,0
319,441,0
313,435,0
329,369,0
297,427,0
302,391,0
304,408,0
290,392,0
270,430,0
300,418,0
299,406,0
274,395,0
311,406,0
332,419,0
321,377,0
310,387,0
292,406,0
318,408,0
298,409,0
301,447,0
329,435,0
325,448,0
338,416,0
294,416,0
329,440,0
339,388,0
306,409,0
310,393,0
302,405,0
309,414,0
305,450,0
289,424,0
328,392,0
314,436,0
289,392,0
304,415,0
302,400,0
314,412,0
286,420,0
308,422,0
307,388,0
328,417,0
297,450,0
308,393,0
315,440,0
315,393,0
328,418,0
303,432,0
278,431,0
276,417,0
317,409,0
299,387,0
313,420,0
320,383,0
303,421,0
300,386,0
291,392,0
316,395,0
302,423,0
302,402,0
302,418,0
284,415,0
318,420,0
311,423,0
296,397,0
294,440,0
303,393,0
315,421,0
301,381,0
305,408,0
323,417,0
314,416,0
332,417,0
340,423,0
299,418,0
295,378,0
308,431,0
320,411,0
323,399,0
279,423,0
289,416,0
324,406,0
299,427,0
309,414,0
304,411,0
309,427,0
306,412,0
302,410,0
305,402,0
288,413,0
323,405,0
285,392,0
308,393,0
315,460,0
295,432,0
327,425,0
300,411,0
301,430,0
313,409,0
295,449,0
308,415,0
299,412,0
331,384,0
344,392,0
276,388,0
309,415,0
289,422,0
327,435,0
324,403,0
313,404,0
291,453,0
315,410,0
299,383,0
302,373,0
307,391,0
285,398,0
295,427,0
334,410,0
301,451,0
306,433,0
320,433,0
301,449,0
346,426,0
331,407,0
312,428,0
306,436,0
323,403,0
316,430,0
311,403,0
305,383,0
322,426,0
328,401,0
313,435,0
325,425,0
313,415,0
268,412,0
293,391,0
325,380,0
291,389,0
285,396,0
314,406,0
285,387,0
285,404,0
316,434,0
287,399,0
316,373,0
298,434,0
298,400,0
304,404,0
301,421,0
338,407,0
326,404,0
302,409,0
309,417,0
290,414,0
303,434,0
292,402,0
280,375,0
281,414,0
322,408,0
313,394,0
309,425,0
344,419,0
286,383,0
320,411,0
312,406,0
309,381,0
309,405,0
311,408,0
304,398,0
322,408,0
314,403,0
314,408,0
323,405,0
306,406,0
301,435,0
289,440,0
296,429,0
312,440,0
284,402,0
328,436,0
326,399,0
303,419,0
315,390,0
328,388,0
334,409,0
290,403,0
282,413,0
300,389,0
302,400,0
312,388,0
274,444,0
321,424,0
326,388,0
313,416,0
337,445,0
315,411,0
332,436,0
284,405,0
290,439,0
295,399,0
300,411,0
308,392,0
318,410,0
307,406,0
302,371,0
317,422,0
309,417,0
304,409,0
311,388,0
310,403,0
291,427,0
299,426,0
272,393,0
312,428,0
306,410,0
314,412,0
295,439,0
307,436,0
341,425,0
305,384,0
307,426,0
325,407,0
318,393,0
283,409,0
287,384,0
357,392,0
307,382,0
338,422,0
324,393,0
313,438,0
308,398,0
308,415,0
310,397,0
308,377,0
280,389,0
303,418,0
326,411,0
311,366,0
317,428,0
297,415,0
277,399,0
295,435,0
280,437,0
306,420,0
320,379,0
313,413,0
321,424,0
302,392,0
321,431,0
294,386,0
321,424,0
266,411,0
299,392,0
299,424,0
310,387,0
313,400,0
326,384,0
324,416,0
298,415,0
317,400,0
325,445,0
302,392,0
293,427,0
365,425,0
304,420,0
305,396,0
312,395,0
287,406,0
311,425,0
322,432,0
291,381,0
317,386,0
289,383,0
298,402,0
304,399,0
333,378,0
310,402,0
307,426,0
305,394,0
290,411,0
288,387,0
314,431,0
314,436,0
283,383,0
305,416,0
304,385,0
317,388,0
305,431,0
304,430,0
294,382,0
329,391,0
320,372,0
295,413,0
322,400,0
297,399,0
285,388,0
334,403,0
309,455,0
343,421,0
307,409,0
307,379,0
299,388,0
283,434,0
308,412,0
316,426,0
319,373,0
287,405,0
318,402,0
311,403,0
284,399,0
267,435,0
306,413,0
293,450,0
313,415,0
297,408,0
324,430,0
268,421,0
289,413,0
292,388,0
272,435,0
311,413,0
298,405,0
319,406,0
316,400,0
322,411,0
287,397,0
275,419,0
291,391,0
305,397,0
272,378,0
289,405,0
334,367,0
336,412,0
302,417,0
309,412,0
291,394,0
314,431,0
317,401,0
313,390,0
319,382,0
307,409,0
294,365,0
312,407,0
312,428,0
295,414,0
317,433,0
305,414,0
325,382,0
320,451,0
285,430,0
317,427,0
289,408,0
295,434,0
302,387,0
287,429,0
330,440,0
293,412,0
311,428,0
290,385,0
318,415,0
297,419,0
293,385,0
323,431,0
328,426,0
320,369,0
310,425,0
329,446,0
279,401,0
313,435,0
340,359,0
268,409,0
310,415,0
274,434,0
296,415,0
295,380,0
312,395,0
291,398,0
286,416,0
308,421,0
311,390,0
317,409,0
287,444,0
330,432,0
275,416,0
306,437,0
299,447,0
308,459,0
306,438,0
323,384,0
301,411,0
304,406,0
318,423,0
318,398,0
340,425,0
274,430,0
321,450,0
310,414,0
339,386,0
315,382,0
307,443,0
299,408,0
263,387,0
300,408,0
285,389,0
331,403,0
289,399,0
319,433,0
295,421,0
282,391,0
290,396,0
312,459,0
300,406,0
285,405,0
310,400,0
332,389,0
287,443,0
303,402,0
283,400,0
318,430,0
324,413,0
320,418,0
277,438,0
296,420,0
322,419,0
344,410,0
305,418,0
311,396,0
354,431,0
344,399,0
313,434,0
298,423,0
308,394,0
294,431,0
309,422,0
295,402,0
336,407,0
314,359,0
323,415,0
295,413,0
293,404,0
310,420,0
332,413,0
300,403,0
287,405,0
323,402,0
319,358,0
300,403,0
311,389,0
295,389,0
332,443,0
324,413,0
328,387,0
290,393,0
316,408,0
292,418,0
328,440,0
314,409,0
336,431,0
332,391,0
301,387,0
313,404,0
318,435,0
309,429,0
280,391,0
292,370,0
311,445,0
308,378,0
327,382,0
287,414,0
302,404,0
286,405,0
296,413,0
296,401,0
296,398,0
285,412,0
278,382,0
320,408,0
287,433,0
311,438,0
346,381,0
286,420,0
316,426,0
296,397,0
322,446,0
320,420,0
293,430,0
293,440,0
322,413,0
341,408,0
310,405,0
304,414,0
314,407,0
305,396,0
304,412,0
321,479,0
335,412,0
310,373,0
304,421,0
307,421,0
298,420,0
327,427,0
303,418,0
305,420,0
326,453,0
320,396,0
329,421,0
279,425,0
334,366,0
304,373,0
313,406,0
318,447,0
284,420,0
318,390,0
325,433,0
300,409,0
321,380,0
326,413,0
315,422,0
311,433,0
320,391,0
301,421,0
295,414,0
326,426,0
313,375,0
344,447,0
327,401,0
324,438,0
313,402,0
317,409,0
315,408,0
314,394,0
332,437,0
314,416,0
305,377,0
308,384,0
314,412,0
303,385,0
327,393,0
326,413,0
299,371,0
312,400,0
294,418,0
313,444,0
300,413,0
277,416,0
273,446,0
289,407,0
305,414,0
290,427,0
304,422,0
303,413,0
310,409,0
328,431,1
293,432,0
331,419,0
314,403,0
329,423,0
289,406,0
308,392,0
331,439,0
291,404,0
301,405,0
267,437,0
333,420,0
311,400,0
313,390,0
322,410,0
325,395,0
302,408,0
297,446,0
301,442,0
334,410,0
309,418,0
299,420,0
298,401,0
287,413,0
303,395,0
302,388,0
289,435,0
277,429,0
328,430,0
329,376,0
294,391,0
299,424,0
299,446,0
324,420,0
308,400,0
289,439,0
304,436,0
275,423,0
321,401,0
312,412,0
311,408,0
330,410,0
320,413,0
319,376,0
333,428,0
320,416,0
326,413,0
284,378,0
329,397,0
305,415,0
315,416,0
312,360,0
320,374,0
308,430,0
314,442,0
313,386,0
303,402,0
305,409,0
309,411,0
304,422,0
315,417,0
330,398,0
297,390,0
279,438,0
328,418,0
297,413,0
294,411,0
318,418,0
350,432,0
323,403,0
337,435,0
295,408,0
325,422,0
320,423,0
336,387,0
307,423,0
311,416,0
273,417,0
282,428,0
308,396,0
297,403,0
317,433,0
312,402,0
306,405,0
329,415,0
332,377,0
314,429,0
311,413,0
293,389,0
344,402,0
320,419,0
324,404,0
283,396,0
300,442,0
308,394,0
310,393,0
315,408,0
328,402,0
306,388,0
324,435,0
344,386,0
324,432,0
325,409,0
319,376,0
338,418,0
343,423,0
287,413,0
292,406,0
268,376,0
321,421,0
291,418,0
283,387,0
301,425,0
307,437,0
320,427,0
323,399,0
311,415,0
302,426,0
322,411,0
304,401,0
358,405,0
315,421,0
321,379,0
322,410,0
296,434,0
279,384,0
290,428,0
310,417,0
347,359,0
295,416,0
294,420,0
317,376,0
307,409,0
308,437,0
308,429,0
299,448,0
285,415,0
314,410,0
320,441,0
302,419,0
318,379,0
344,400,0
345,403,0
318,424,0
292,395,0
329,403,0
337,410,0
292,401,0
308,426,0
302,433,0
321,416,0
294,425,0
323,414,0
282,390,0
314,405,0
300,389,0
315,399,0
318,417,0
315,439,0
315,435,0
312,426,0
305,380,0
315,425,0
285,433,0
333,459,0
298,428,0
301,423,0
305,417,0
323,430,0
311,411,0
311,406,0
316,387,0
278,414,0
335,413,0
328,452,0
314,425,0
316,435,0
330,384,0
315,412,0
310,417,0
309,379,0
318,427,0
314,439,0
302,415,0
311,432,0
281,415,0
300,391,0
318,398,0
294,416,0
306,394,0
299,410,0
295,419,0
299,420,0
310,413,0
303,402,0
320,433,0
322,423,0
301,412,0
308,414,0
309,457,0
297,389,0
317,410,0
331,420,0
287,446,0
322,437,0
303,407,0
326,396,0
296,411,0
296,414,0
319,430,0
309,384,0
312,379,0
328,444,0
335,422,0
289,407,0
333,412,0
308,418,0
304,408,0
308,432,0
325,414,0
310,422,0
293,417,0
313,418,0
307,421,0
318,385,0
292,393,0
331,423,0
320,391,0
278,414,0
319,398,0
303,408,0
351,403,0
308,424,0
295,413,0
322,450,0
296,439,0
311,432,0
340,389,0
328,401,0
304,405,0
311,448,0
328,427,0
283,407,0
312,407,0
270,354,0
330,404,0
301,374,0
306,382,0
310,444,0
304,410,0
330,463,0
295,382,0
296,399,0
302,408,0
305,433,0
281,372,0
289,402,0
279,437,0
291,411,0
304,397,0
349,405,0
310,396,0
292,426,0
305,401,0
295,390,0
283,409,0
306,423,0
334,438,0
329,389,0
340,384,0
299,414,0
312,399,0
314,439,0
323,426,0
337,403,0
282,402,0
311,376,0
303,381,0
300,423,0
299,433,0
283,403,0
322,412,0
322,397,0
320,423,0
302,396,0
313,363,0
311,447,0
306,426,0
320,406,0
275,397,0
315,410,0
306,408,0
289,428,0
313,421,0
324,442,0
328,433,0
331,429,0
324,419,0
342,409,0
296,379,0
304,422,0
329,427,0
341,435,0
300,409,0
293,345,0
288,403,0
298,423,0
298,437,0
319,406,0
297,392,0
314,397,0
325,387,0
302,426,0
280,403,0
299,415,0
327,379,0
340,418,0
324,429,0
316,380,0
313,415,0
293,392,0
316,417,0
320,407,0
360,395,0
294,439,0
334,424,0
328,423,0
327,427,0
293,415,0
309,410,0
278,427,0
301,440,0
298,427,0
296,408,0
315,418,0
310,443,0
298,419,0
294,426,0
327,418,0
301,417,0
283,375,0
297,421,0
274,414,0
305,392,0
326,429,0
316,418,0
313,414,0
330,413,0
277,416,0
316,415,0
310,374,0
339,409,0
316,431,0
329,377,0
297,391,0
295,351,0
281,416,0
313,382,0
308,426,0
303,387,0
300,412,0
309,368,0
317,408,0
284,437,0
312,453,0
301,399,0
320,423,0
309,399,0
350,389,0
299,392,0
329,392,0
311,421,0
312,421,0
313,426,0
324,417,0
325,424,0
303,420,0
301,428,0
272,405,0
317,389,0
335,400,0
335,396,0
323,387,0
312,397,0
293,399,0
304,467,0
326,429,0
315,410,0
294,402,0
348,404,0
312,429,0
289,418,0
292,397,0
341,402,0
267,422,0
303,412,0
301,377,0
325,420,0
283,438,0
294,390,0
334,407,0
286,410,0
335,409,0
283,412,0
303,429,0
320,413,0
318,445,0
325,419,0
324,400,0
303,422,0
311,409,0
312,409,0
298,426,0
339,433,0
297,399,0
283,405,0
331,405,0
357,386,0
328,432,0
308,421,0
318,402,0
334,413,0
298,414,0
336,416,0
303,409,0
287,399,0
317,410,0
279,429,0
306,430,0
314,406,0
325,403,0
317,476,0
311,444,0
311,403,0
335,430,0
303,397,0
310,392,0
299,388,0
297,381,0
322,412,0
332,439,0
314,452,0
306,431,0
318,384,0
297,395,0
304,402,0
303,419,0
315,448,0
317,410,0
301,384,0
303,429,0
326,406,0
271,435,0
321,393,0
310,424,0
307,387,0
280,402,0
311,408,0
297,364,0
326,429,0
298,424,0
286,399,0
324,395,0
311,389,0
325,412,0
318,383,0
307,406,0
303,435,0
324,410,0
310,391,0
307,413,0
340,407,0
260,439,0
307,394,0
343,422,0
329,407,0
317,394,0
288,406,0
305,415,0
291,403,0
303,413,0
296,427,0
300,401,0
321,415,0
315,375,0
333,379,0
293,410,0
270,403,0
312,424,0
307,406,0
334,378,0
301,441,0
330,404,0
325,390,0
292,440,0
333,400,0
314,409,0
346,418,0
294,435,0
302,415,0
342,366,0
312,387,0
296,412,0
292,349,0
312,378,0
305,396,0
298,402,0
286,401,0
310,409,0
301,409,0
300,449,0
274,417,0
309,429,0
289,412,0
319,430,0
287,408,0
327,389,0
330,369,0
305,417,0
343,401,0
305,421,0
316,402,0
330,405,0
327,435,0
321,391,0
326,428,0
316,399,0
319,412,0
301,441,0
325,395,0
323,412,0
312,442,0
289,430,0
301,426,0
299,393,0
315,400,0
298,428,0
330,407,0
324,414,0
302,369,0
292,391,0
285,406,0
290,386,0
304,431,0
315,467,0
302,416,0
319,393,0
315,378,0
315,422,0
305,403,0
316,389,0
315,400,0
296,410,0
301,455,0
292,429,0
306,420,0
290,432,0
292,387,0
313,404,0
329,416,0
302,419,0
300,420,0
275,440,0
314,409,0
298,401,0
352,386,0
319,447,0
345,408,0
309,417,0
290,417,0
352,402,0
295,411,0
282,415,0
311,398,0
308,428,0
330,391,0
288,434,0
313,427,0
290,390,0
301,352,0
320,416,0
328,379,0
271,404,0
300,424,0
323,423,0
293,424,0
310,439,0
287,398,0
316,414,0
312,417,0
316,394,0
316,413,0
275,417,0
302,444,0
327,459,0
313,410,0
318,410,0
296,406,0
294,419,0
298,422,0
303,412,0
287,392,0
295,408,0
311,409,0
319,433,0
310,387,0
304,428,0
334,447,0
305,402,0
293,389,0
328,396,0
285,403,0
302,417,0
296,429,0
313,411,0
310,407,0
334,404,0
291,410,0
351,386,0
297,388,0
312,422,0
286,386,0
311,376,0
327,444,0
302,399,0
341,395,0
318,408,0
334,463,0
310,403,0
320,424,0
314,397,0
287,441,0
321,442,0
303,352,0
317,428,0
298,408,0
325,361,0
291,365,0
307,433,0
290,398,0
307,454,0
314,419,0
332,414,0
315,392,0
303,384,0
328,428,0
307,443,0
308,404,0
288,400,0
319,409,0
299,440,0
296,386,0
326,414,0
309,386,0
329,385,0
321,400,0
319,376,0
291,412,0
288,387,0
290,445,0
335,458,0
319,413,0
316,438,0
312,433,0
319,429,0
322,434,0
312,426,0
299,408,0
284,402,0
293,411,0
346,404,0
322,417,0
310,458,0
269,385,0
306,377,0
283,433,0
317,421,0
320,408,0
295,392,0
312,411,0
289,406,0
310,430,0
316,381,0
307,397,0
307,428,0
318,416,0
321,402,0
305,421,0
314,438,0
284,366,0
328,384,0
313,420,0
354,409,0
297,446,0
312,376,0
317,412,0
283,391,0
301,417,0
327,392,0
311,383,0
297,446,0
299,434,0
295,368,0
309,410,0
324,417,0
341,400,0
323,379,0
314,414,0
312,413,0
284,427,0
291,424,0
298,440,0
284,429,0
311,437,0
312,423,0
304,406,0
283,427,0
284,442,0
284,401,0
304,392,0
319,392,0
342,417,0
287,435,0
301,424,0
263,430,0
316,429,0
324,412,0
348,409,0
302,391,0
311,415,0
310,422,0
313,416,0
285,401,0
309,378,0
322,394,0
288,433,0
359,402,0
303,424,0
314,419,0
284,461,0
339,404,0
297,428,0
302,385,0
358,387,0
313,405,0
293,420,0
329,391,0
330,385,0
336,436,0
344,449,0
323,440,0
326,392,0
294,420,0
279,418,0
323,433,0
338,414,0
320,385,0
319,451,0
329,449,0
284,380,0
291,403,0
306,425,0
294,417,0
321,393,0
331,401,0
301,415,0
299,383,0
323,430,0
320,403,0
321,399,0
292,416,0
300,456,0
332,396,0
320,417,0
316,406,0
323,395,0
283,425,0
300,392,0
306,455,0
326,417,0
327,436,0
331,351,0
321,408,0
303,422,0
305,429,0
308,419,0
303,403,0
307,408,0
315,380,0
289,395,0
299,382,0
347,414,0
303,419,0
320,453,0
307,420,0
293,414,0
308,423,0
287,435,0
343,435,0
323,396,0
313,418,0
330,395,0
320,407,0
297,404,0
307,428,0
313,402,0
305,423,0
311,412,0
303,420,0
323,419,0
315,380,0
282,404,0
307,426,0
297,416,0
294,424,0
313,456,0
297,374,0
302,387,0
289,421,0
291,418,0
311,416,0
284,429,0
291,432,0
275,405,0
320,406,0
300,409,0
294,423,0
322,399,0
314,395,0
283,443,0
272,428,0
315,415,0
302,435,0
328,390,0
325,443,0
288,406,0
312,394,0
315,430,0
302,398,0
316,424,0
311,418,0
302,435,0
324,415,0
294,425,0
333,427,0
313,389,0
329,393,0
298,403,0
314,401,0
314,393,0
295,397,0
310,431,0
300,406,0
302,387,0
310,377,0
317,424,0
295,407,0
298,381,0
316,400,0
301,431,0
325,409,0
284,423,0
291,409,0
295,451,0
309,416,0
325,418,0
323,398,0
291,399,0
311,433,0
299,414,0
303,382,0
306,423,0
308,409,0
288,374,0
285,427,0
302,413,0
325,409,0
336,397,0
313,398,0
331,390,0
325,392,0
320,418,0
290,415,0
312,391,0
292,433,0
299,422,0
302,421,0
297,402,0
298,399,0
289,419,0
313,390,0
306,400,0
291,426,0
299,392,0
327,419,0
281,422,0
337,411,0
312,409,0
303,382,0
303,442,0
316,393,0
307,411,0
320,386,0
286,390,0
311,417,0
289,379,0
315,406,0
292,417,0
308,423,0
298,436,0
307,418,0
312,409,0
277,390,0
308,407,0
323,422,0
315,370,0
300,382,0
324,419,0
332,413,0
323,414,0
270,408,0
294,416,0
319,414,0
328,449,0
311,427,0
316,380,0
317,400,0
316,386,0
299,399,0
317,427,0
294,427,0
299,420,0
304,417,0
278,437,0
311,390,0
266,417,0
301,442,0
307,382,0
300,403,0
283,375,0
306,401,0
334,389,0
318,397,0
288,411,0
303,418,0
343,390,0
334,425,0
328,390,0
295,398,0
317,430,0
305,421,0
293,389,0
280,434,0
310,398,0
287,397,0
338,398,0
316,419,0
324,429,0
311,404,0
310,439,0
303,458,0
277,380,0
344,438,0
308,413,0
322,406,0
331,418,0
299,377,0
302,410,0
311,393,0
303,411,0
306,416,0
302,388,0
330,385,0
311,393,0
320,415,0
299,384,0
324,384,0
300,411,0
301,405,0
332,383,0
339,430,0
254,397,0
303,412,0
329,376,0
345,455,0
298,394,0
297,410,0
297,397,0
320,396,0
272,423,0
291,399,0
314,396,0
318,394,0
316,389,0
327,386,0
349,392,0
302,383,0
288,424,0
299,412,0
327,394,0
303,432,0
326,416,0
285,390,0
308,392,0
318,408,0
291,424,0
272,411,0
307,404,0
335,425,0
298,403,0
310,400,0
298,428,0
327,405,0
301,404,0
314,404,0
293,399,0
314,403,0
322,418,0
328,416,0
277,363,0
326,404,0
319,395,0
321,437,0
293,419,0
323,419,0
299,414,0
314,438,0
306,413,0
330,379,0
286,433,0
327,410,0
333,417,0
316,408,0
288,398,0
299,409,0
304,390,0
335,413,0
292,451,0
324,420,0
313,369,0
321,426,0
326,454,0
315,419,0
320,426,0
304,447,0
300,417,0
298,385,0
324,389,0
281,432,0
331,404,0
303,400,0
352,407,0
305,441,0
316,413,0
281,416,0
279,411,0
304,433,0
319,431,0
303,411,0
316,420,0
292,367,0
334,388,0
333,450,0
317,426,0
308,434,0
319,377,0
331,433,0
304,434,0
314,434,0
320,395,0
300,415,0
326,396,0
275,441,0
322,385,0
324,371,0
302,432,0
279,422,0
301,422,0
328,387,0
295,416,0
333,401,0
290,392,0
314,410,0
298,381,0
298,411,0
301,391,0
276,415,0
288,424,0
281,410,0
284,390,0
293,423,0
307,411,0
310,380,0
307,421,0
294,413,0
273,444,0
275,402,0
323,433,0
347,434,0
297,424,0
297,396,0
324,418,0
301,407,0
302,402,0
297,393,0
324,399,0
309,415,0
308,442,0
322,409,0
314,408,0
301,394,0
307,409,0
327,390,0
324,434,0
316,422,0
336,422,0
323,432,0
329,399,0
312,414,0
335,422,0
321,399,0
313,393,0
287,403,0
344,413,0
295,439,0
309,422,0
300,407,0
301,429,0
336,411,0
304,409,0
309,411,0
265,400,0
296,396,0
320,414,0
296,406,0
332,427,0
305,430,0
331,404,0
295,421,0
306,379,0
319,416,0
292,406,0
331,414,0
312,411,0
293,416,0
320,411,0
288,389,0
323,434,0
301,390,0
277,416,0
290,390,0
319,436,0
301,403,0
318,400,0
312,418,0
310,406,0
279,410,0
305,414,0
323,414,0
302,427,0
332,423,0
294,440,0
307,446,0
311,410,0
306,413,0
341,422,0
297,422,0
290,387,0
307,450,0
314,419,0
296,431,0
285,430,0
301,406,0
339,418,0
284,379,0
278,396,0
325,412,0
315,359,0
315,435,0
291,419,0
308,435,0
316,373,0
296,398,0
316,441,0
310,392,0
327,378,0
310,426,0
285,396,0
321,418,0
293,426,0
308,434,0
308,406,0
323,440,0
282,423,0
314,461,0
292,404,0
309,405,0
322,392,0
318,374,0
347,410,0
289,408,0
338,397,0
311,390,0
283,403,0
296,398,0
312,401,0
308,390,0
299,385,0
287,400,0
283,433,0
330,377,0
318,408,0
294,426,1
310,430,0
304,420,0
334,409,0
306,416,0
302,414,0
289,402,0
283,348,0
307,422,0
326,389,0
351,377,0
303,424,0
307,411,0
297,415,0
305,419,0
293,414,0
316,440,0
314,434,0
330,400,0
303,389,0
297,381,0
302,412,0
311,401,0
283,456,0
301,402,0
310,396,0
323,408,0
333,420,0
319,453,0
313,384,0
312,397,0
289,418,0
275,403,0
300,404,0
313,435,0
304,420,0
319,400,0
327,420,0
321,400,0
305,407,0
294,458,0
287,412,0
338,381,0
269,425,0
302,420,0
293,418,0
315,438,0
359,419,0
338,403,0
314,428,0
317,408,0
280,430,0
327,394,0
307,400,0
326,438,0
308,397,0
323,400,0
284,390,0
320,385,0
309,416,0
306,379,0
299,432,0
308,402,0
298,426,0
319,403,0
313,392,0
310,440,0
322,420,0
288,406,0
297,420,0
295,397,0
280,429,0
323,392,0
296,421,0
319,413,0
305,451,0
322,401,0
311,425,0
291,407,0
320,406,0
295,418,0
317,394,0
308,422,0
305,402,0
277,415,0
273,398,0
296,421,0
317,385,0
310,410,0
299,393,0
295,392,0
303,411,0
285,413,0
313,428,0
344,450,0
305,415,0
311,427,0
291,418,0
280,418,0
313,388,0
302,414,0
324,393,0
294,424,0
325,411,0
340,391,0
307,429,0
303,434,0
301,379,0
312,401,0
326,394,0
311,386,0
320,407,0
291,415,0
309,409,0
316,406,0
351,412,0
300,377,0
320,402,0
270,422,0
305,410,0
318,414,0
315,386,0
301,396,0
276,415,0
283,405,0
327,434,0
323,401,0
309,433,0
303,405,0
319,412,0
314,376,0
321,466,0
325,412,0
283,423,0
315,382,0
302,420,0
305,418,0
300,418,0
346,422,0
298,424,0
295,422,0
305,419,0
298,397,0
270,387,0
313,406,0
293,440,0
302,404,0
318,417,0
278,388,0
251,431,0
302,425,0
330,392,0
334,387,0
315,400,0
325,402,0
303,432,0
348,390,0
292,411,0
294,377,0
294,415,0
303,384,0
319,391,0
287,398,0
329,405,0
317,417,0
309,427,0
322,417,0
315,379,0
309,430,0
299,409,0
347,403,0
294,395,0
317,416,0
307,473,0
304,378,0
329,398,0
319,399,0
297,410,0
317,433,0
299,422,0
310,409,0
317,427,0
304,416,0
311,440,0
284,420,0
308,403,0
311,401,0
314,416,0
317,420,0
322,371,0
316,409,0
304,389,0
328,429,0
282,438,0
313,397,0
270,397,0
326,404,0
297,409,0
277,417,0
311,432,0
300,380,0
293,405,0
300,430,0
313,388,0
313,408,0
310,393,0
322,426,0
303,419,0
299,403,0
340,390,0
340,410,0
314,437,0
344,434,0
316,427,0
334,397,0
319,409,0
316,397,0
325,411,0
296,445,0
291,385,0
311,417,0
289,421,0
346,427,0
296,421,0
308,418,0
360,416,0
307,437,0
340,375,0
320,423,0
331,424,0
303,441,0
293,411,0
314,371,0
317,417,0
264,433,0
300,409,0
295,393,0
302,421,0
327,411,0
327,415,0
291,450,0
290,397,0
280,429,0
290,428,0
300,438,0
313,399,0
320,401,0
295,401,0
296,452,0
290,416,0
325,427,0
289,401,0
301,415,0
336,425,0
296,389,0
308,413,0
327,424,0
322,406,0
322,358,0
327,412,0
304,419,0
286,402,0
319,412,0
327,402,0
302,407,0
330,395,0
307,390,0
303,425,0
312,418,0
300,387,0
284,426,0
342,428,0
302,421,0
305,407,0
320,437,0
298,420,0
302,403,0
296,402,0
317,436,0
313,411,0
297,409,0
314,420,0
333,398,0
293,396,0
312,394,0
313,450,0
316,387,0
333,401,0
343,417,0
306,409,0
287,413,0
302,386,0
346,425,0
285,425,0
301,411,0
310,429,0
277,407,0
286,396,0
294,421,0
326,439,0
328,428,0
293,408,0
306,385,0
323,427,0
298,419,0
309,422,0
297,398,0
311,413,0
333,423,0
301,390,0
321,411,0
289,425,0
334,422,0
304,422,0
305,413,0
292,414,0
318,398,0
302,400,0
266,437,0
293,413,0
295,386,0
302,441,0
364,390,0
290,416,0
275,436,0
287,389,0
305,410,0
303,401,0
319,452,0
331,399,0
313,439,0
306,406,0
293,444,0
339,445,0
308,414,0
314,418,0
295,392,0
344,427,0
308,421,0
329,431,0
292,410,0
309,421,0
322,421,0
334,396,0
322,399,0
312,420,0
313,409,0
292,406,0
307,446,0
344,413,0
305,435,0
283,372,0
290,406,0
296,408,0
316,439,0
282,377,0
319,483,0
287,409,0
294,378,0
297,406,0
305,376,0
337,411,0
320,371,0
322,414,0
321,403,0
281,422,0
318,404,0
298,415,0
315,434,0
321,418,0
290,425,0
317,431,0
276,388,0
293,408,0
313,400,0
331,426,0
320,419,0
312,395,0
320,419,0
344,397,0
274,454,0
303,402,0
319,390,0
319,416,0
306,422,0
303,438,0
352,417,0
321,384,0
301,451,0
292,405,0
315,437,0
308,406,0
330,418,0
323,411,0
289,432,0
330,423,0
325,402,0
277,408,0
275,415,0
323,418,0
302,398,0
295,394,0
282,466,0
284,413,0
299,407,0
322,399,0
312,405,0
298,422,0
310,434,0
312,418,0
311,428,0
302,415,0
287,364,0
307,431,0
307,411,0
323,414,0
314,397,0
310,417,0
290,372,0
313,387,0
312,391,0
295,401,0
282,426,0
290,404,0
315,379,0
280,427,0
293,413,0
316,400,0
316,392,0
313,412,0
351,394,0
311,381,0
270,410,0
305,422,0
301,427,0
280,451,0
281,438,0
250,408,0
284,393,0
336,402,0
348,420,0
311,449,0
310,443,0
292,391,0
287,395,0
280,406,0
295,422,0
299,416,0
323,398,0
321,395,0
316,436,0
322,418,0
303,429,0
309,413,0
289,429,0
279,425,0
317,403,0
332,399,0
311,432,0
325,418,0
322,381,0
298,393,0
320,411,0
345,380,0
316,385,0
299,427,0
323,408,0
296,404,0
312,428,0
322,378,0
324,401,0
315,444,0
307,411,0
312,390,0
329,404,0
283,403,0
303,344,0
325,387,0
305,404,0
304,374,0
333,411,0
323,434,0
320,425,0
287,418,0
329,391,0
280,385,0
318,439,0
304,402,0
309,402,0
307,422,0
286,382,0
310,426,0
298,400,0
311,394,0
291,400,0
336,424,0
292,432,0
317,419,0
301,413,0
294,413,0
314,434,0
292,420,0
308,394,0
341,417,0
332,406,0
273,422,0
294,404,0
293,428,0
337,432,0
306,426,0
309,407,0
333,417,0
302,409,0
339,400,0
339,403,0
340,398,0
290,412,0
321,387,0
316,417,0
319,457,0
307,419,0
312,414,0
293,387,0
296,404,0
281,407,0
313,424,0
314,410,0
293,448,0
326,444,0
302,458,0
299,447,0
322,372,0
307,435,0
299,415,0
338,410,0
295,395,0
299,417,0
284,414,0
318,412,0
299,398,0
318,443,0
324,399,0
324,420,0
301,418,0
321,416,0
323,397,0
290,420,0
325,389,0
311,406,0
306,404,0
302,438,0
326,408,0
300,399,0
288,385,0
292,425,0
297,429,0
304,401,0
314,394,0
293,399,0
276,410,0
284,441,0
320,442,0
329,392,0
278,437,0
324,446,0
318,417,0
336,400,0
325,438,0
327,430,0
313,396,0
341,409,0
350,401,0
348,437,0
319,403,0
327,413,0
296,430,0
289,417,0
310,382,0
289,426,0
312,374,0
288,399,0
336,430,0
297,399,0
311,412,0
324,422,0
293,443,0
305,412,0
326,374,0
304,398,0
298,407,0
299,426,0
285,402,0
306,414,0
299,378,0
302,395,0
314,389,0
288,396,0
310,393,0
297,394,0
300,396,0
304,391,0
327,376,0
348,423,0
332,416,0
304,391,0
311,395,0
335,405,0
279,437,0
309,452,0
306,414,0
326,427,0
316,437,0
324,419,0
314,417,0
315,413,0
293,436,0
342,398,0
314,432,0
317,404,0
300,379,0
293,401,0
305,415,0
294,417,0
325,388,0
316,387,0
344,434,0
313,376,0
289,420,0
275,398,0
309,409,0
336,376,0
283,422,0
315,439,0
314,428,0
316,382,0
314,400,0
299,377,0
339,418,0
306,409,0
257,403,0
284,439,0
313,376,0
298,443,0
296,419,0
331,421,0
308,386,0
305,434,0
302,415,0
322,393,0
334,410,0
326,401,0
298,367,0
272,387,0
317,413,0
316,439,0
320,422,0
299,400,0
303,417,0
308,434,0
317,404,0
341,452,0
335,387,0
282,363,0
288,405,0
312,438,0
307,451,0
317,413,0
335,426,0
315,416,0
312,397,0
281,420,0
336,429,0
299,430,0
293,423,0
322,404,0
304,422,0
294,389,0
303,420,0
317,467,0
296,374,0
296,410,0
320,415,0
315,379,0
288,430,0
329,417,0
325,402,0
274,393,0
288,397,0
334,401,0
302,405,0
289,410,0
314,427,0
295,428,0
311,407,0
295,397,0
288,400,0
294,404,0
290,424,0
316,402,0
287,426,0
293,440,0
290,404,0
287,376,0
309,438,0
330,427,0
324,420,0
320,437,0
288,402,0
321,417,0
301,414,0
307,435,0
327,405,0
290,427,0
299,452,0
267,388,0
308,440,0
298,438,0
283,407,0
326,424,0
281,431,0
298,439,0
302,406,0
305,368,0
284,454,0
299,419,0
326,406,0
282,404,0
370,394,0
325,394,0
314,411,0
308,435,0
295,394,0
302,413,0
274,413,0
305,403,0
312,408,0
299,435,0
317,397,0
346,414,0
292,415,0
352,377,0
294,437,0
278,455,0
305,424,0
311,409,0
320,406,0
277,416,0
289,385,0
322,424,0
307,424,0
329,433,0
335,424,0
315,409,0
270,406,0
309,435,0
318,492,0
298,418,0
328,430,0
301,425,0
319,404,0
306,429,0
319,388,0
316,428,0
294,429,0
311,400,0
301,406,0
318,422,0
280,398,0
331,414,0
304,434,0
308,431,0
306,430,0
314,479,0
298,417,0
288,412,0
301,411,0
274,390,0
340,379,0
316,392,0
301,401,0
304,419,0
300,418,0
321,408,0
311,413,0
328,406,0
317,393,0
298,406,0
332,394,0
289,435,0
294,431,0
307,434,0
315,377,0
304,430,0
307,400,0
313,425,0
292,384,0
315,391,0
307,410,0
307,414,0
295,396,0
312,405,0
333,393,0
327,424,0
315,403,0
311,382,0
290,392,0
323,430,0
303,395,0
319,406,0
327,428,0
302,375,0
308,386,0
302,424,0
296,409,0
294,455,0
322,437,0
321,402,0
337,420,0
305,411,0
325,416,0
325,419,0
283,413,0
308,406,0
335,427,0
321,412,0
295,376,0
347,415,0
293,402,0
305,419,0
275,433,0
295,449,0
318,427,0
328,407,0
318,392,0
294,404,0
306,418,0
281,398,0
305,430,0
318,388,0
291,439,0
309,419,0
298,436,0
286,433,0
315,437,0
330,387,0
280,399,0
284,441,0
328,428,0
329,419,0
327,427,0
337,416,0
306,386,0
294,417,0
288,414,0
337,434,0
276,444,0
318,419,0
328,402,0
317,441,0
344,406,0
340,425,0
303,421,0
364,408,0
319,411,0
312,411,0
298,414,0
331,404,0
306,415,0
319,418,0
318,384,0
328,448,0
306,421,0
294,387,0
322,405,0
311,421,0
344,423,0
283,435,0
294,438,0
311,449,0
304,433,0
317,434,0
340,419,0
330,386,0
311,400,0
303,407,0
300,419,0
320,413,0
310,396,0
281,419,0
309,398,0
333,403,0
307,426,0
319,394,0
296,387,0
323,394,0
304,395,0
312,432,0
299,426,0
326,443,0
299,412,0
284,439,0
307,428,0
300,451,0
331,425,0
307,419,0
298,413,0
288,380,0
320,419,0
334,425,0
322,430,0
334,440,0
317,406,0
307,411,0
306,422,0
302,407,0
306,437,0
295,435,0
320,413,0
300,411,0
315,416,0
332,415,0
306,389,0
312,426,0
306,409,0
305,442,0
322,429,0
294,432,0
295,411,0
314,426,0
318,417,0
334,394,0
308,457,0
304,399,0
295,387,0
309,404,0
315,403,0
313,445,0
333,407,0
324,407,0
342,371,0
306,402,0
300,407,0
328,422,0
299,406,0
316,408,0
319,401,0
332,406,0
315,424,0
323,416,0
332,391,0
301,447,0
312,396,0
314,397,0
321,424,0
317,407,0
322,410,0
296,426,0
333,383,0
296,447,0
300,406,0
279,419,0
292,430,0
296,382,0
305,437,0
308,451,0
315,378,0
322,404,0
282,413,0
299,436,0
290,415,0
274,434,0
348,438,0
326,414,0
307,421,0
291,415,0
316,404,0
303,423,0
290,419,0
308,408,0
295,442,0
286,415,0
313,430,0
298,416,0
281,441,0
298,429,0
301,415,0
287,415,0
313,411,0
335,393,0
325,423,0
301,395,0
311,422,0
302,442,0
303,394,0
332,433,0
329,385,0
309,423,0
275,428,0
324,413,0
337,457,0
307,402,0
310,439,0
321,431,0
301,435,0
307,423,0
353,428,0
328,379,0
303,390,0
308,435,0
330,433,0
300,442,0
327,381,0
350,401,0
324,394,0
291,410,0
323,441,0
292,416,0
285,396,0
308,394,0
299,406,0
292,432,0
304,378,0
296,420,0
301,426,0
304,385,0
306,411,0
307,401,0
309,398,0
309,383,0
297,415,0
316,444,0
293,422,0
327,408,0
318,425,0
305,414,0
299,420,0
309,431,0
302,390,0
303,427,0
311,419,0
325,405,0
294,398,0
313,412,0
334,357,0
309,416,0
306,386,0
310,395,0
297,437,0
303,401,0
319,411,0
323,431,0
309,381,0
307,408,0
331,398,0
313,434,0
295,438,0
287,405,0
300,415,0
333,398,0
308,386,0
285,448,0
314,424,0
308,439,0
342,433,0
306,406,0
306,418,0
313,417,0
305,374,0
326,410,0
288,421,0
308,403,0
308,430,0
301,417,0
316,424,0
283,415,0
327,406,0
316,400,0
322,402,0
297,406,0
310,412,0
283,418,0
324,464,0
307,389,0
328,416,0
308,410,0
300,392,0
313,393,0
312,395,0
287,415,0
323,411,0
298,439,0
294,409,0
329,383,0
290,397,0
305,467,0
318,391,0
284,407,0
316,386,0
326,438,0
293,376,0
314,377,0
307,404,0
298,414,0
305,426,0
333,401,0
313,423,0
312,438,0
326,422,0
308,405,0
342,404,0
293,399,0
293,404,0
333,420,0
297,385,0
303,437,0
305,478,0
312,399,0
318,408,0
321,411,0
288,407,0
336,365,0
318,409,0
346,415,0
349,406,0
296,411,0
306,415,0
319,367,0
297,447,0
328,447,0
288,399,0
312,380,0
307,451,0
321,450,0
309,443,0
328,415,0
326,389,0
323,386,0
294,415,0
322,379,0
335,405,0
308,417,0
296,420,0
297,422,0
338,399,0
295,425,0
316,388,0
311,399,0
296,408,0
318,434,0
304,389,0
317,404,0
314,417,0
331,409,0
330,407,0
330,421,0
314,442,0
313,428,0
289,414,0
303,428,0
311,421,0
346,449,0
320,408,0
303,431,0
318,396,0
289,441,0
337,417,0
300,404,0
307,406,0
311,441,0
305,446,0
295,370,0
263,363,0
329,402,0
286,375,0
328,395,0
308,412,0
305,413,0
322,392,0
301,423,0
319,398,0
325,394,0
306,438,0
281,391,0
306,431,0
306,432,0
298,462,0
339,406,0
300,408,0
314,424,0
283,427,0
301,464,0
308,357,0
325,402,0
332,378,0
289,395,0
297,399,0
302,395,0
354,422,0
327,387,0
332,428,0
318,448,0
326,432,0
291,413,0
291,448,0
334,388,0
317,403,0
300,396,0
299,424,0
319,439,0
355,382,0
328,394,0
291,399,0
288,412,0
325,413,0
297,421,0
313,445,0
301,453,0
325,420,0
301,411,0
322,380,0
306,400,0
334,377,0
348,427,0
295,383,0
286,450,0
335,411,0
322,405,0
315,441,0
321,422,0
291,426,0
313,402,0
294,413,0
343,411,0
268,408,0
316,465,0
296,367,0
290,394,0
309,415,0
316,362,0
296,438,0
324,402,0
281,424,0
313,391,0
300,384,0
311,397,0
306,415,0
308,454,0
284,430,0
296,416,0
320,442,0
337,403,0
334,437,0
321,454,0
286,419,0
341,403,0
308,430,0
310,387,0
279,427,0
317,392,0
309,463,0
300,438,0
313,434,0
285,411,0
310,400,0
301,413,0
285,406,0
312,392,0
322,451,0
306,437,0
262,442,0
311,407,0
306,435,0
302,420,0
347,397,0
302,393,0
315,419,0
301,403,0
325,415,0
312,402,0
321,447,0
288,382,0
346,423,0
332,442,0
316,417,0
331,410,0
327,423,0
315,395,0
308,423,0
310,413,0
292,433,0
316,416,0
286,400,0
303,379,0
293,393,0
275,368,0
274,444,0
299,416,0
309,403,0
308,400,0
314,410,0
313,395,0
310,445,0
307,371,0
297,392,0
310,419,0
317,384,0
298,425,0
312,404,0
323,381,0
295,386,0
299,411,0
321,419,0
264,423,0
302,431,0
331,438,0
317,414,0
333,413,0
292,451,0
323,407,0
312,423,0
299,371,0
306,395,0
314,391,0
315,441,0
320,413,0
310,413,0
287,452,0
296,415,0
335,404,0
328,465,0
321,383,0
291,379,0
301,396,0
292,407,0
289,414,0
316,374,0
296,408,0
318,370,0
273,418,0
307,409,0
286,419,0
309,428,0
312,412,0
331,413,0
274,436,0
289,424,0
317,406,0
296,408,0
353,411,0
307,391,0
305,428,0
304,398,0
285,415,0
327,391,0
348,391,0
322,405,0
328,414,0
347,410,0
315,373,0
309,369,0
331,392,0
320,395,0
324,395,0
304,415,0
298,402,0
336,387,0
325,420,0
337,353,0
289,384,0
334,383,0
324,426,0
316,386,0
302,431,0
305,406,0
290,432,0
346,402,0
316,426,0
280,409,0
315,396,0
343,419,0
304,407,0
304,428,0
299,398,0
317,428,0
315,417,0
306,395,0
298,415,0
277,382,0
278,407,0
315,427,0
309,420,0
294,395,0
309,393,0
302,405,0
303,416,0
301,371,0
307,412,0
304,400,0
300,401,0
299,427,0
303,409,0
338,413,0
285,442,0
286,391,0
295,400,0
343,397,0
301,409,0
284,402,0
318,419,0
308,383,0
323,414,0
308,406,0
275,420,0
311,427,0
268,451,0
308,410,0
316,424,0
301,455,0
312,407,0
329,426,0
335,426,0
328,419,0
324,377,0
319,441,0
306,403,0
305,430,0
293,442,0
321,367,0
340,452,0
299,406,0
281,400,0
316,417,0
296,412,0
263,405,0
318,407,0
302,429,0
292,374,0
311,418,0
341,412,0
332,437,0
308,404,0
336,392,0
312,388,0
312,429,0
273,419,0
319,411,0
310,439,0
330,452,0
301,401,0
326,404,0
317,439,0
304,397,0
329,424,0
314,424,0
300,452,0
305,410,0
282,363,0
294,355,0
307,423,0
314,460,0
315,427,0
333,422,0
305,398,0
312,435,0
311,398,0
303,402,0
315,399,0
323,420,0
324,407,0
325,370,0
306,368,0
266,433,0
313,432,0
322,425,0
266,409,0
295,435,0
302,445,0
301,409,0
315,386,0
301,435,0
279,398,0
310,450,0
285,421,0
295,419,0
334,381,0
314,430,0
294,416,0
299,437,0
285,377,0
319,396,0
282,389,0
303,428,0
288,425,0
328,401,0
300,403,0
306,398,0
306,406,0
297,397,0
309,425,0
330,424,0
311,393,0
333,392,0
323,404,0
329,408,0
319,404,0
332,427,0
326,427,0
289,383,0
284,394,0
339,398,0
317,418,0
313,418,0
308,419,0
320,405,0
300,457,0
286,445,0
312,446,0
308,425,0
276,405,0
281,421,0
301,421,0
299,419,0
311,394,0
291,368,0
309,397,0
327,391,0
318,394,0
270,375,0
297,422,0
319,410,0
292,392,0
276,418,0
292,463,0
319,428,0
287,384,0
283,390,0
331,409,0
304,426,0
311,395,0
280,411,0
322,419,0
271,427,0
276,431,0
347,448,0
304,404,0
311,424,0
318,409,0
311,411,0
320,378,0
298,414,0
301,418,0
313,410,0
330,438,0
281,386,0
322,389,0
293,432,0
335,421,0
321,370,0
303,419,0
295,387,0
312,384,0
296,388,0
298,393,0
303,419,0
280,447,0
283,415,0
307,377,0
327,453,0
312,408,0
322,422,0
343,372,0
284,409,0
324,406,0
328,427,0
313,413,0
289,437,0
319,438,0
294,402,0
321,405,0
303,403,0
280,434,0
282,427,0
282,420,0
334,423,0
310,417,0
320,433,0
314,409,0
348,407,0
319,404,0
314,445,0
315,390,0
317,418,0
273,441,0
336,435,0
315,418,0
316,394,0
311,404,0
289,388,0
341,406,0
291,422,0
316,435,0
317,417,0
306,430,0
294,412,0
339,380,0
311,432,0
308,413,0
316,379,0
332,411,0
329,406,0
291,392,0
302,421,0
305,406,0
298,401,0
292,416,0
313,387,0
348,379,0
320,391,0
307,403,0
330,406,0
303,426,0
322,427,0
300,407,0
321,411,0
317,395,0
315,391,0
325,419,0
288,425,0
280,450,0
302,434,0
298,461,0
291,405,0
299,422,0
333,416,0
306,402,0
307,408,0
300,399,0
289,454,0
313,394,0
296,416,0
280,421,0
340,405,0
302,423,0
318,407,0
281,429,0
290,367,0
333,428,0
330,408,0
310,411,0
304,436,0
307,404,0
310,395,0
326,406,0
327,400,0
314,411,0
309,435,0
311,415,0
316,370,0
304,392,0
309,416,0
292,463,0
322,381,0
305,411,0
314,389,0
291,432,0
302,414,0
299,423,0
307,398,0
310,434,0
306,406,0
321,424,0
291,418,0
296,439,0
305,442,0
290,420,0
321,380,0
308,433,0
310,420,0
294,432,0
307,427,0
339,397,0
314,403,0
285,407,0
288,436,0
278,424,0
322,394,0
321,404,0
294,416,0
313,440,0
302,425,0
338,410,0
290,387,0
337,421,0
314,429,0
306,404,0
322,393,0
337,441,0
315,402,0
303,413,0
308,423,0
323,402,0
292,393,0
312,414,0
338,436,0
317,388,0
338,396,0
357,424,0
288,406,0
328,442,0
315,437,0
331,407,0
284,392,0
319,428,0
294,414,0
332,400,0
317,429,0
276,423,0
283,406,0
332,401,0
279,413,0
329,445,0
302,436,0
303,426,0
328,383,0
312,389,0
310,404,0
277,446,0
322,405,0
304,401,0
279,437,0
306,366,0
294,434,0
306,454,0
299,440,0
291,400,0
306,412,0
316,401,0
330,439,0
298,435,0
318,460,0
307,408,0
318,402,0
287,408,0
292,373,0
324,407,0
283,422,0
325,414,0
269,431,0
311,429,0
338,435,0
302,385,0
294,386,0
335,409,0
315,446,0
311,427,0
326,413,0
326,382,0
289,447,0
331,397,0
315,429,0
303,414,0
304,390,0
263,425,0
310,386,0
291,424,0
312,421,0
315,416,0
318,423,0
316,448,0
330,418,0
329,438,0
313,421,0
323,390,0
347,406,0
297,406,0
295,410,0
295,417,0
291,413,0
305,418,0
318,423,0
302,395,0
284,418,0
314,433,0
286,419,0
305,410,0
308,421,0
304,379,0
317,425,0
295,424,0
320,422,0
322,416,0
309,419,0
287,401,0
311,384,0
290,419,0
312,412,0
309,445,0
311,401,0
293,422,0
315,400,0
318,397,0
305,437,0
329,434,0
293,430,0
300,395,0
293,418,0
309,405,0
307,427,0
309,417,0
314,416,0
275,399,0
304,374,0
305,396,0
307,409,0
307,390,0
319,425,0
309,390,0
333,393,0
299,385,0
299,388,0
359,434,0
339,418,0
257,399,0
272,388,0
303,421,0
292,387,0
303,384,0
335,404,0
290,389,0
293,448,0
312,420,0
323,412,0
292,416,0
302,385,0
308,417,0
318,420,0
291,416,0
300,415,0
309,414,0
319,449,0
314,386,0
301,408,0
292,432,0
307,423,0
300,430,0
283,399,0
306,396,0
309,433,0
340,417,0
317,407,0
275,397,0
317,402,0
315,374,0
341,417,0
301,376,0
332,447,0
323,384,0
302,423,0
301,414,0
307,405,0
307,410,0
324,391,0
289,424,0
301,411,0
291,385,0
293,402,0
281,405,0
324,407,0
296,430,0
298,389,0
281,432,0
316,414,0
300,465,0
323,396,0
259,412,0
333,379,0
325,452,0
311,406,0
289,412,0
321,415,0
327,441,0
318,434,0
302,405,0
309,409,0
300,416,0
281,447,0
284,402,0
294,422,0
318,428,0
337,383,0
305,411,0
297,406,0
331,379,0
320,407,0
323,432,0
295,412,0
295,392,0
307,403,0
313,455,0
323,410,0
313,475,0
303,409,0
324,466,0
316,403,0
315,448,0
319,399,0
316,424,0
315,384,0
308,416,0
319,435,0
287,422,0
294,417,0
289,414,0
301,426,0
278,387,0
319,397,0
292,386,0
288,414,0
295,407,0
290,470,0
310,413,0
265,426,0
313,383,0
283,422,0
294,449,0
337,388,0
302,409,0
309,434,0
329,409,0
306,406,0
301,426,0
358,402,0
317,413,0
314,436,0
314,431,0
324,403,0
334,397,0
342,393,0
269,461,0
314,388,0
306,437,0
316,395,0
296,398,0
278,426,0
316,415,0
324,381,0
365,440,0
298,408,0
294,440,0
309,413,0
302,406,0
286,423,0
331,437,0
313,405,0
290,397,0
284,400,0
305,422,0
317,430,0
313,422,0
300,414,0
314,419,0
298,446,0
312,407,0
350,433,0
300,407,0
336,393,0
317,409,0
341,410,0
314,445,0
339,410,0
315,450,0
309,407,0
302,449,0
345,447,0
309,416,0
312,440,0
299,420,0
322,426,0
310,410,0
291,420,0
297,358,0
324,416,0
318,437,0
303,401,0
326,388,1
318,429,0
299,396,0
304,413,0
327,364,0
324,401,0
309,414,0
336,436,0
276,435,0
327,394,0
321,431,0
306,404,0
335,414,0
345,425,0
307,419,0
309,426,0
291,441,0
280,438,0
319,449,0
331,428,0
312,403,0
310,435,0
318,438,0
298,414,0
308,454,0
289,413,0
357,433,0
324,406,0
308,393,0
327,404,0
301,442,0
294,413,0
322,419,0
322,414,0
325,400,0
306,387,0
309,424,0
310,390,0
290,401,0
330,387,0
304,416,0
304,411,0
310,408,0
313,413,0
278,426,0
313,402,0
319,444,0
304,406,0
296,403,0
281,379,0
331,422,0
333,404,0
319,392,0
340,392,0
304,431,0
313,413,0
281,407,0
281,436,0
315,388,0
328,401,0
293,421,0
313,457,0
281,427,0
326,415,0
312,405,0
308,384,0
306,412,0
327,376,0
305,415,0
319,415,0
325,391,0
301,402,0
326,425,0
310,442,0
314,398,0
309,403,0
334,403,0
324,388,0
323,391,0
304,400,0
305,406,0
304,433,0
297,401,0
295,392,0
320,396,0
305,440,0
312,416,0
325,416,0
312,409,0
303,375,0
316,442,0
320,432,0
316,426,0
317,411,0
289,404,0
311,402,0
313,422,0
327,436,0
302,401,0
308,422,0
303,408,0
265,415,0
302,403,0
325,417,0
279,362,0
334,395,0
337,399,0
328,404,0
322,381,0
298,433,0
304,425,0
297,420,0
320,433,0
285,430,0
317,423,0
344,417,0
317,377,0
293,416,0
311,419,0
313,450,0
290,395,0
306,394,0
312,379,0
311,388,0
326,410,0
324,402,0
310,420,0
304,430,0
295,400,0
305,396,0
316,394,0
293,399,0
353,433,0
300,423,0
329,418,0
279,429,0
301,445,0
328,404,0
328,390,0
301,418,0
294,421,0
309,391,0
312,397,0
279,422,0
319,443,0
317,424,0
342,415,0
301,418,0
268,417,0
295,420,0
310,382,0
310,392,0
304,422,0
309,428,0
313,408,0
321,420,0
298,367,0
303,389,0
315,419,0
313,407,0
314,422,0
310,423,0
317,399,0
300,416,0
299,422,0
324,386,0
337,402,0
311,438,0
305,408,0
319,382,0
297,432,0
332,399,0
320,390,0
272,453,0
308,400,0
336,381,0
281,407,0
353,412,0
330,419,0
318,427,0
290,432,0
319,397,0
316,440,0
317,448,0
302,408,0
323,404,0
303,411,0
309,418,0
287,395,0
312,402,0
283,437,0
339,415,0
331,444,0
292,408,0
264,404,0
292,417,0
305,382,0
335,409,0
262,403,0
293,402,0
307,446,0
296,432,0
329,396,0
312,420,0
303,422,0
314,437,0
287,408,0
294,451,0
322,416,0
305,432,0
293,412,0
328,434,0
309,414,0
294,405,0
333,410,0
291,402,0
358,415,0
330,439,0
326,377,0
304,418,0
321,413,0
311,419,0
279,430,0
310,388,0
299,447,0
282,421,0
319,389,0
320,423,0
294,422,0
350,426,0
333,406,0
301,403,0
276,404,0
295,391,0
313,436,0
305,424,0
282,429,0
321,391,0
330,417,0
319,434,0
287,404,0
308,407,0
311,442,0
295,418,0
311,414,0
285,390,0
324,385,0
321,442,0
283,411,0
311,418,0
287,409,0
304,366,0
303,407,0
295,375,0
288,443,0
322,391,0
299,412,0
301,410,0
286,429,0
309,439,0
308,430,0
320,413,0
297,431,0
324,408,0
304,385,0
302,399,0
303,452,0
303,421,0
313,456,0
276,438,0
314,469,0
302,400,0
315,415,0
337,431,0
347,401,0
298,433,0
318,422,0
314,397,0
297,389,0
293,411,0
286,390,0
299,404,0
285,402,0
297,414,0
317,406,0
325,423,0
307,404,0
322,433,0
306,434,0
317,387,0
296,425,0
283,438,0
313,436,0
326,389,0
325,416,0
316,455,0
288,421,0
304,441,0
273,441,0
295,462,0
296,390,0
304,440,0
305,437,0
309,436,0
322,432,0
344,422,0
323,434,0
333,419,0
279,414,0
302,438,0
324,413,0
301,380,0
316,439,0
294,410,0
310,422,0
292,427,0
297,407,0
289,429,0
308,402,0
332,438,0
310,375,0
305,393,0
318,429,0
302,411,0
281,392,0
300,392,0
321,386,0
333,411,0
340,393,0
309,377,0
263,404,0
307,377,0
305,423,0
312,406,0
291,387,0
328,408,0
309,413,0
317,385,0
271,440,0
262,423,0
286,436,0
338,426,0
320,435,0
296,399,0
290,395,0
256,398,0
288,408,0
308,381,0
263,410,0
317,450,0
305,424,0
320,422,0
321,421,0
283,431,0
308,428,0
304,454,0
321,412,0
315,460,0
307,403,0
300,410,0
360,399,0
289,421,0
309,370,0
302,394,0
291,430,0
335,404,0
317,395,0
353,407,0
297,407,0
292,411,0
333,384,0
262,377,0
307,406,0
297,436,0
304,385,0
332,410,0
328,387,0
312,450,0
320,403,0
277,410,0
292,383,0
312,392,0
298,393,0
341,405,0
294,406,0
300,381,0
334,424,0
319,384,0
296,446,0
329,431,0
332,408,0
321,430,0
311,400,0
297,435,0
305,431,0
318,422,0
299,396,0
314,401,0
278,389,0
300,410,0
305,415,0
315,443,0
302,407,0
298,448,0
324,409,0
316,413,0
306,413,0
309,426,0
303,421,0
305,406,0
291,417,0
325,419,0
337,414,0
328,418,0
287,406,0
319,362,0
296,385,0
317,471,0
283,388,0
333,427,0
300,402,0
326,439,0
302,403,0
305,422,0
323,407,0
344,441,0
313,402,0
338,440,0
323,394,0
336,409,0
273,397,0
294,427,0
275,426,0
307,391,0
319,389,0
344,417,0
318,406,0
304,393,0
325,406,0
295,381,0
288,440,0
302,439,0
307,394,0
325,403,0
302,398,0
319,433,0
284,411,0
331,436,0
319,385,0
298,409,0
281,427,0
296,406,0
306,425,0
307,410,0
290,434,0
285,431,0
316,386,0
297,407,0
286,417,0
313,441,0
320,448,0
316,435,0
304,396,0
301,395,0
314,396,0
321,410,0
306,434,0
314,427,0
283,409,0
296,449,0
297,397,0
310,409,0
310,423,0
314,414,0
289,422,0
318,419,0
293,392,0
314,374,0
317,461,0
334,409,0
308,377,0
292,422,0
314,427,0
339,423,0
336,430,0
311,396,0
305,440,0
314,410,0
314,421,0
291,403,0
313,412,0
315,430,0
320,444,0
312,387,0
328,400,0
306,417,0
309,409,0
303,437,0
294,408,0
278,418,0
323,447,0
301,434,0
300,403,0
336,391,0
299,406,0
294,439,0
303,400,0
355,406,0
304,403,0
290,408,0
294,399,0
305,446,0
309,427,0
322,415,0
319,424,0
327,405,0
275,416,0
278,431,0
295,400,0
322,430,0
290,395,0
303,420,0
336,404,0
307,430,0
309,437,0
292,433,0
302,407,0
299,428,0
297,437,0
322,413,0
281,434,0
279,402,0
298,446,0
288,434,0
288,404,0
335,413,0
302,411,0
295,382,0
302,401,0
312,441,0
308,405,0
328,418,0
301,420,0
308,416,0
315,403,0
321,427,0
300,404,0
334,419,0
319,409,0
328,434,0
332,429,0
295,417,0
295,366,0
310,403,0
320,412,0
298,407,0
296,426,0
301,416,0
291,393,0
290,395,0
329,416,0
302,416,0
324,412,0
347,366,0
308,411,0
340,429,0
338,441,0
280,442,0
270,464,0
302,421,0
310,382,0
327,374,0
315,395,0
304,402,0
317,425,0
305,398,0
272,443,0
311,427,0
287,408,0
323,419,0
321,414,0
298,409,0
310,419,0
309,401,0
297,391,0
315,417,0
339,392,0
282,420,0
319,388,0
265,425,0
295,437,0
319,422,0
296,435,0
252,399,0
305,439,0
315,399,0
319,399,0
288,464,0
293,395,0
299,414,0
292,416,0
291,405,0
300,391,0
326,398,0
309,424,0
317,435,0
303,415,0
291,430,0
310,421,0
322,421,0
283,398,0
315,396,0
298,410,0
282,414,0
319,414,0
282,378,0
325,417,0
324,410,0
298,411,0
346,416,0
305,397,0
288,420,0
322,378,0
307,441,0
339,444,0
294,394,0
323,453,0
291,386,0
302,407,0
317,426,0
329,400,0
295,396,0
311,412,0
318,395,0
308,410,0
287,440,0
279,416,0
321,373,0
301,411,0
323,423,0
327,399,0
319,402,0
311,432,0
295,446,0
325,404,0
295,412,0
318,398,0
317,417,0
292,428,0
329,440,0
302,420,0
328,386,0
334,370,0
330,410,0
325,443,0
314,409,0
312,404,0
288,377,0
299,430,0
300,405,0
336,416,0
298,439,0
309,417,0
318,396,0
309,446,0
302,408,0
302,412,0
313,404,0
311,411,0
315,414,0
327,391,0
295,418,0
316,430,0
332,421,0
305,420,0
290,412,0
295,417,0
316,419,0
318,449,0
278,418,0
309,417,0
313,417,0
300,429,0
277,455,0
305,420,0
335,405,0
315,403,0
290,414,0
325,414,0
307,446,0
299,435,0
320,437,0
311,393,0
327,430,0
302,406,0
293,444,0
300,414,0
301,425,0
294,437,0
304,405,0
311,378,0
311,396,0
298,426,0
306,407,0
311,382,0
318,386,0
325,428,0
284,427,0
323,383,0
318,403,0
327,409,0
321,394,0
286,407,0
313,405,0
285,432,0
311,442,0
269,406,0
345,418,0
309,383,0
317,406,0
290,415,0
321,415,0
320,368,0
311,383,0
327,405,0
301,417,0
312,392,0
303,409,0
301,409,0
307,393,0
292,435,0
310,438,0
309,416,0
325,411,0
327,371,0
322,404,0
327,400,0
300,385,0
319,394,0
317,397,0
292,384,0
304,402,0
303,398,0
292,404,0
293,406,0
291,438,0
313,428,0
309,385,0
280,409,0
326,411,0
293,418,0
351,407,0
333,412,0
305,348,0
296,382,0
304,420,0
322,416,0
306,448,0
283,393,0
301,441,0
333,417,0
314,400,0
295,400,0
301,391,0
300,409,0
322,413,0
292,408,0
335,417,0
317,430,0
310,421,0
327,403,0
344,423,0
308,411,0
320,419,0
328,405,0
295,401,0
313,390,0
289,419,0
319,403,0
311,401,0
288,416,0
294,397,0
291,420,0
306,438,0
290,416,0
349,413,0
299,434,0
300,398,0
322,417,0
312,429,0
299,428,0
321,434,0
316,393,0
301,427,0
292,420,0
284,392,0
335,389,0
298,411,0
305,374,0
331,417,0
297,390,0
300,415,0
322,437,0
295,393,0
305,431,0
284,426,0
306,417,0
297,405,0
310,389,0
315,449,0
311,362,0
328,388,0
300,381,0
323,409,0
303,401,0
286,414,0
329,415,0
300,436,0
325,428,0
307,379,0
280,392,0
304,423,0
311,407,0
301,400,0
298,393,0
307,396,0
299,419,0
304,405,0
280,405,0
310,443,0
317,391,0
300,396,0
309,408,0
291,352,0
314,385,0
318,397,0
311,410,0
312,388,0
290,388,0
288,442,0
321,417,0
322,414,0
310,421,0
297,430,0
309,418,0
258,418,0
307,404,0
306,417,0
334,382,0
293,382,0
329,387,0
279,447,0
323,414,0
320,432,0
294,404,0
293,399,0
325,408,0
278,390,0
282,417,0
314,417,0
315,417,0
313,381,0
302,429,0
322,425,0
345,401,0
320,377,0
300,430,0
285,417,0
281,436,0
304,411,0
323,397,0
294,437,0
321,405,0
313,428,0
332,413,0
313,444,0
298,398,0
306,423,0
298,415,0
299,430,0
341,431,0
273,456,0
327,407,0
321,434,0
303,441,0
340,400,0
316,411,0
288,392,0
313,393,0
290,417,0
302,407,0
299,427,0
307,403,0
339,372,0
312,397,0
316,399,0
326,437,0
308,364,0
332,402,0
307,414,0
321,444,0
296,418,0
307,402,0
307,390,0
285,435,0
329,408,0
329,447,0
325,402,0
305,411,0
318,418,0
286,448,0
296,386,0
292,393,0
321,406,0
313,408,0
295,429,0
308,404,0
307,402,0
326,400,0
310,454,0
297,402,0
278,428,0
286,419,0
329,400,0
329,451,0
303,425,0
302,378,0
304,434,0
315,403,0
311,440,0
281,407,0
271,411,0
291,463,0
298,460,0
308,421,0
336,431,0
288,416,0
330,368,0
316,385,0
328,392,0
337,416,0
288,422,0
277,409,0
311,394,0
309,405,0
312,408,0
281,424,0
318,372,0
304,412,0
286,401,0
298,402,0
302,416,0
307,448,0
310,415,0
311,435,0
286,431,0
305,410,0
310,401,0
296,423,0
326,421,0
338,397,0
293,448,0
298,409,0
326,403,0
290,472,0
307,404,0
302,441,0
304,385,0
284,356,0
286,414,0
327,412,0
294,393,0
328,422,0
293,427,0
301,434,0
297,429,0
326,412,0
318,398,0
308,380,0
306,392,0
322,418,0
293,407,0
318,409,0
271,417,0
288,380,0
299,415,0
312,394,0
320,410,0
295,434,0
314,453,0
311,432,0
294,417,0
340,426,0
308,406,0
293,424,0
300,421,0
314,416,0
326,401,0
316,439,0
309,430,0
314,417,0
286,394,0
284,422,0
323,437,0
291,394,0
302,436,0
323,418,0
310,418,0
343,410,0
337,388,0
291,387,0
291,375,0
294,374,0
307,372,0
314,438,0
288,399,0
278,406,0
341,396,0
291,425,0
311,416,0
319,436,0
300,379,0
327,446,0
323,453,0
330,427,0
323,424,0
273,434,0
331,439,0
294,427,0
325,435,0
297,413,0
302,396,0
282,400,0
287,375,0
314,407,0
312,408,0
300,421,0
298,447,0
331,395,0
304,424,0
308,398,0
324,415,0
310,406,0
319,423,0
304,439,0
304,404,0
297,416,0
279,404,0
306,423,0
302,421,0
290,398,0
312,369,0
298,410,0
295,440,0
308,434,0
312,410,0
294,416,0
303,401,0
319,405,0
295,435,0
279,400,0
334,361,0
303,396,0
322,420,0
300,408,0
325,430,0
311,406,0
309,416,0
306,424,0
317,417,0
317,441,0
298,413,0
311,398,0
297,439,0
356,424,0
320,415,0
305,419,0
301,416,0
279,415,0
281,396,0
299,422,0
323,401,0
304,441,0
336,423,0
306,415,0
314,390,0
317,413,0
323,414,0
296,424,0
327,394,0
282,428,0
282,400,0
308,407,0
344,384,0
307,399,0
271,429,0
312,398,0
313,411,0
308,448,0
306,434,0
313,404,0
315,420,0
319,421,0
301,423,0
326,435,0
298,458,0
287,389,0
305,398,0
282,400,0
326,399,0
317,432,0
277,431,0
303,426,0
304,400,0
310,377,0
319,411,0
309,424,0
325,413,0
329,412,0
285,427,0
311,413,0
313,385,0
307,387,0
280,405,0
272,446,0
331,393,0
295,407,0
338,436,0
328,404,0
316,400,0
298,391,0
288,404,0
317,384,0
302,441,0
299,400,0
287,410,0
305,399,0
303,449,0
305,430,0
299,416,0
301,409,0
285,395,0
284,396,0
307,402,0
283,414,0
309,395,0
300,387,0
326,408,0
290,424,0
324,411,0
306,412,0
289,411,0
316,396,0
309,392,0
304,403,0
305,430,0
283,407,0
300,387,0
314,404,0
338,426,0
277,418,0
292,423,0
303,410,0
279,423,0
291,378,0
323,424,0
288,352,0
295,405,0
309,394,0
329,409,0
333,421,0
341,406,0
292,414,0
298,373,0
287,432,0
320,406,0
313,410,0
323,430,0
334,424,0
277,415,0
325,418,0
320,420,0
259,392,0
312,404,0
275,416,0
305,372,0
289,425,0
303,410,0
309,400,0
332,417,0
279,441,0
315,418,0
319,425,0
298,385,0
314,396,0
301,406,0
309,431,0
280,439,0
292,424,0
346,434,0
280,425,0
289,445,0
304,376,0
330,445,0
338,436,0
284,402,0
308,418,0
284,403,0
288,400,0
321,389,0
310,400,0
323,419,0
328,420,0
320,435,0
313,402,0
280,397,0
304,405,0
313,391,0
307,404,0
294,395,0
351,483,0
315,412,0
310,393,0
310,399,0
285,397,0
312,420,0
304,423,0
322,364,0
304,424,0
292,392,0
316,382,0
321,441,0
301,399,0
300,446,0
290,399,0
307,431,0
334,382,0
315,412,0
324,402,0
306,431,0
284,412,0
299,418,0
306,409,0
313,373,0
303,426,0
289,416,0
290,398,0
318,397,0
328,401,0
274,412,0
311,400,0
320,398,0
309,436,0
310,393,0
301,425,0
307,408,0
301,407,0
321,399,0
319,440,0
285,416,0
295,412,0
305,431,0
313,416,0
319,409,0
285,448,0
289,391,0
298,433,0
332,407,0
302,414,0
329,359,0
336,414,0
325,410,0
338,419,0
324,419,0
322,413,0
289,416,0
286,425,0
280,377,0
315,400,0
317,401,0
313,385,0
302,448,0
293,414,0
296,407,0
301,414,0
289,395,0
321,422,0
306,381,0
306,432,0
300,429,0
310,431,0
286,411,0
314,414,0
331,446,0
298,421,0
290,405,0
294,398,0
309,435,0
332,432,0
306,415,0
312,431,0
319,410,0
336,454,0
313,420,0
306,399,0
315,412,0
311,416,0
312,439,0
314,434,0
316,391,0
314,403,0
282,456,0
301,413,0
289,399,0
316,411,0
278,423,0
298,436,0
307,397,0
318,365,0
304,420,0
332,402,0
307,429,0
323,407,0
301,394,0
330,423,0
340,410,0
292,425,0
310,433,0
316,420,0
306,394,0
294,407,0
279,390,0
324,416,0
300,413,0
293,420,0
313,396,0
285,432,0
302,405,0
307,390,0
297,444,0
302,405,0
307,393,0
312,431,0
313,446,0
339,421,0
301,429,0
311,449,0
296,418,0
289,416,0
303,408,0
321,396,0
279,430,0
338,407,0
291,408,0
312,398,0
300,389,0
304,427,0
326,412,0
315,387,0
305,427,0
343,398,0
325,417,0
287,407,0
300,404,0
342,395,0
311,395,0
332,425,0
309,370,0
305,425,0
299,405,0
309,429,0
313,391,0
316,404,0
321,399,0
286,430,0
295,405,0
296,417,0
292,415,0
299,411,0
345,435,0
314,439,0
315,424,0
275,398,0
279,434,0
302,436,0
334,392,0
291,397,0
321,409,0
356,421,0
344,420,0
318,435,0
348,399,0
301,384,0
292,423,0
282,389,0
288,445,0
308,394,0
310,413,0
283,402,0
316,405,0
285,400,0
312,428,0
292,402,0
318,436,0
306,403,0
333,433,0
325,408,0
317,410,0
305,392,0
319,430,0
310,424,0
305,433,0
295,450,0
338,412,0
287,419,0
342,405,0
280,421,0
313,421,0
268,383,0
272,442,0
301,421,0
313,402,0
315,448,0
307,397,0
329,415,0
300,385,0
297,409,0
307,375,0
300,391,0
292,404,0
277,445,0
306,479,0
304,437,0
281,388,0
309,392,0
327,392,0
285,395,0
284,427,0
290,400,0
322,398,0
275,454,0
302,414,0
305,417,0
325,364,0
339,389,0
315,413,0
326,421,0
323,394,0
286,406,0
315,382,0
298,448,0
306,432,0
321,414,0
331,414,0
301,394,0
267,416,0
300,415,0
307,462,0
287,421,0
308,413,0
298,401,0
320,396,0
315,430,0
304,391,0
327,426,0
294,395,0
304,404,0
338,433,0
318,388,0
323,407,0
321,411,0
311,492,0
297,393,0
344,429,0
317,412,0
302,408,0
301,424,0
311,406,0
301,414,0
292,415,0
316,411,0
308,417,0
278,408,0
319,407,0
284,471,0
309,407,0
300,403,0
326,397,0
293,389,0
308,440,0
334,412,0
288,423,0
268,388,0
292,424,0
333,401,0
314,409,0
300,432,0
319,421,0
309,399,0
305,392,0
307,436,0
298,409,0
295,402,0
314,401,0
322,418,0
315,396,0
308,414,0
294,397,0
315,430,0
313,429,0
270,416,0
296,400,0
306,393,0
306,393,0
302,423,0
330,411,0
334,373,0
283,409,0
328,420,0
291,421,0
285,419,0
337,422,0
300,406,0
283,429,0
316,416,0
272,407,0
306,396,0
279,441,0
295,383,0
328,421,0
325,418,0
285,422,0
327,427,0
330,390,0
285,456,0
338,436,0
291,417,0
351,379,0
300,416,0
289,427,0
312,408,0
322,447,0
302,425,0
293,447,0
302,415,0
292,447,0
278,418,0
298,389,0
305,434,0
295,410,0
338,405,0
288,422,0
293,416,0
316,415,0
333,387,0
306,403,0
312,423,0
319,391,0
327,425,0
315,395,0
315,413,0
304,406,0
308,379,0
288,424,0
322,422,0
305,415,0
329,401,0
318,399,0
310,394,0
306,431,0
322,407,0
297,411,0
292,416,0
295,405,0
309,437,0
333,399,0
311,408,0
289,411,0
304,419,0
316,397,0
324,444,0
281,407,0
318,406,0
305,398,0
302,408,0
299,386,0
304,440,0
318,437,0
284,382,0
296,410,0
301,419,0
282,432,0
304,410,0
297,436,0
324,421,0
309,403,0
303,393,0
305,406,0
307,432,0
307,404,0
292,413,0
298,412,0
317,421,0
295,434,0
292,374,0
320,420,0
311,428,0
356,391,0
298,434,0
297,401,0
334,400,0
300,412,0
296,412,0
312,427,0
320,408,0
316,401,0
325,395,0
304,434,0
339,418,0
300,410,0
305,390,0
305,400,0
329,449,0
311,385,0
313,436,0
335,433,0
285,394,0
267,447,0
299,436,0
336,392,0
298,386,0
294,418,0
288,391,0
278,419,0
278,434,0
317,452,0
347,432,0
318,435,0
303,424,0
328,404,0
278,407,0
314,411,0
315,367,0
281,369,0
283,418,0
298,415,0
312,434,0
323,453,0
304,413,0
290,439,0
292,407,0
323,424,0
324,412,0
291,403,0
315,444,0
316,432,0
312,397,0
304,431,0
291,405,0
309,413,0
330,440,0
350,441,0
290,426,0
288,423,0
302,402,0
299,461,0
302,437,0
334,406,0
340,413,0
301,460,0
320,415,0
305,435,0
300,409,0
273,386,0
269,399,0
301,423,0
303,421,0
302,463,0
292,461,0
303,412,0
310,383,0
295,428,0
317,409,0
324,404,0
282,394,0
294,428,0
293,390,0
323,404,0
295,408,0
303,404,0
311,425,0
322,390,0
320,426,0
332,416,0
330,422,0
307,369,0
308,406,0
280,425,0
314,401,0
298,402,0
304,400,0
319,392,0
305,405,0
305,412,0
312,378,0
290,450,0
296,410,0
316,407,0
293,436,0
294,446,0
337,420,0
293,426,0
316,405,0
307,402,0
314,389,0
313,427,0
303,376,0
283,430,0
279,377,0
323,411,0
347,416,0
314,411,0
302,418,0
307,421,0
289,414,0
326,425,0
327,401,0
274,382,0
281,385,0
279,382,0
316,363,0
293,404,0
311,385,0
333,427,0
282,383,0
338,419,0
335,444,0
309,439,0
311,406,0
304,410,0
284,424,0
310,388,0
313,411,0
309,414,0
279,443,0
287,447,0
330,449,0
294,380,0
327,434,0
308,392,0
279,400,0
283,439,0
315,388,0
298,425,0
292,435,0
308,433,0
328,385,0
323,405,0
319,443,0
322,430,0
316,418,0
320,410,0
320,404,0
317,410,0
291,408,0
339,398,0
326,419,0
303,406,0
325,403,0
287,402,0
300,427,0
280,427,0
298,425,0
308,404,0
281,395,0
305,380,0
301,434,0
308,428,0
308,403,0
310,438,0
297,398,0
302,401,0
329,422,0
303,393,0
302,386,0
333,411,0
287,383,0
339,446,0
307,419,0
329,400,0
312,418,0
327,430,0
303,398,0
301,419,0
320,420,0
285,439,0
300,407,0
340,421,0
288,411,0
267,450,0
284,392,0
315,387,0
301,416,0
297,442,0
323,451,0
298,381,0
319,437,0
319,401,0
311,428,0
303,396,0
295,426,0
325,430,0
303,379,0
300,377,0
301,429,0
304,409,0
296,411,0
320,426,0
295,405,0
310,450,0
303,413,0
308,413,0
316,438,0
298,415,0
344,405,0
312,398,0
314,386,0
315,411,0
284,437,0
330,435,0
325,402,0
331,427,0
301,405,0
284,420,0
304,403,0
305,412,0
291,405,0
313,439,0
306,434,0
313,441,0
316,423,0
297,423,0
293,404,0
333,414,0
290,387,0
326,409,0
328,422,0
286,382,0
318,400,0
273,462,0
339,421,0
307,401,0
283,415,0
302,432,0
274,406,0
306,424,0
316,386,0
283,418,0
308,400,0
295,392,0
298,416,0
292,442,0
319,420,0
351,422,0
314,421,0
315,417,0
306,404,0
303,403,0
318,404,0
294,433,0
341,415,0
291,416,0
330,414,0
330,412,0
284,401,0
320,413,0
288,400,0
279,381,0
310,365,0
306,408,0
325,426,0
296,433,0
328,426,0
306,400,0
324,424,0
305,403,0
309,409,0
292,411,0
313,393,0
313,432,0
308,419,0
324,415,0
294,424,0
279,418,0
302,413,0
330,405,0
319,414,0
279,376,0
287,367,0
307,423,0
317,399,0
356,413,0
301,408,0
332,405,0
314,392,0
312,409,0
334,387,0
321,445,0
311,415,0
301,420,0
328,418,0
300,423,0
335,420,0
298,390,0
326,412,0
323,393,0
287,406,0
300,388,0
297,422,0
281,378,0
311,408,0
302,417,0
302,410,0
325,423,0
318,427,0
286,401,0
319,389,0
324,392,0
310,414,0
282,379,0
315,426,0
310,404,0
334,422,0
299,445,0
272,425,0
339,426,0
323,410,0
314,401,0
289,398,0
309,448,0
308,380,0
309,429,0
325,388,0
272,404,0
322,384,0
326,427,0
312,415,0
310,418,0
308,415,0
326,393,0
303,393,0
294,428,0
295,414,0
307,437,0
302,433,0
307,417,0
294,375,0
334,420,0
318,410,0
308,452,0
292,427,0
335,412,0
345,438,0
284,421,0
317,418,0
261,425,0
316,403,0
310,440,0
318,452,0
288,448,0
321,390,0
306,384,0
324,429,0
329,396,0
304,406,0
297,416,0
333,376,0
320,422,0
319,401,0
291,419,0
299,411,0
343,409,0
311,397,0
319,409,0
314,417,0
285,422,0
346,390,0
298,422,0
304,396,0
300,408,0
312,417,0
300,431,0
300,409,0
324,410,0
282,432,0
318,442,0
314,389,0
338,393,0
309,417,0
319,404,0
309,392,0
323,419,0
300,393,0
310,382,0
303,407,0
319,424,0
286,367,0
292,402,0
296,394,0
307,388,0
295,403,0
298,395,0
307,375,0
294,424,0
300,445,0
298,438,0
310,389,0
355,408,0
320,385,0
338,408,0
322,415,0
301,398,0
303,421,0
288,425,0
333,439,0
308,436,0
307,429,0
290,370,0
342,428,0
294,370,0
287,435,0
297,439,0
290,422,0
259,410,0
325,413,0
301,419,0
300,439,0
299,429,0
309,423,0
323,405,0
311,428,0
339,429,0
280,410,0
321,431,0
296,411,0
284,394,0
277,429,0
311,429,0
304,416,0
316,400,0
331,418,0
311,401,0
279,402,0
327,412,0
337,396,0
319,413,0
333,383,0
294,432,0
309,407,0
308,398,0
291,406,0
324,405,0
317,401,0
303,398,0
303,421,0
327,423,0
302,397,0
284,415,0
311,412,0
323,412,0
320,402,0
288,389,0
279,427,0
294,389,0
303,383,0
322,428,0
286,417,0
296,404,0
310,354,0
293,396,0
315,406,0
298,455,0
281,454,0
313,416,0
328,426,0
330,403,0
330,413,0
294,417,0
293,450,0
292,418,0
344,418,0
343,385,0
298,409,0
321,392,0
307,402,0
309,400,0
284,411,0
293,412,0
347,340,0
311,398,0
340,402,0
339,398,0
291,433,0
296,391,0
305,445,0
311,454,0
303,458,0
308,449,0
286,403,0
330,439,0
317,415,0
336,401,0
316,425,0
289,415,0
311,412,0
302,423,0
309,420,0
328,436,0
275,417,0
295,399,0
294,482,0
309,403,0
295,480,0
302,384,0
303,389,0
319,392,0
299,396,0
310,404,0
291,441,0
318,393,0
319,406,0
320,399,0
299,416,0
323,406,0
312,410,0
320,412,0
292,419,0
313,418,0
301,427,0
318,379,0
310,391,0
317,401,0
310,417,0
338,391,0
312,379,0
313,395,0
306,413,0
306,385,0
303,412,0
302,406,0
289,409,0
309,440,0
299,399,0
291,386,0
331,444,0
336,411,0
320,421,0
269,442,0
309,444,0
314,408,0
292,429,0
316,388,0
322,430,0
285,400,0
324,422,0
311,462,0
302,412,0
295,427,0
293,421,0
320,427,0
280,413,0
298,405,0
314,418,0
293,453,0
326,380,0
331,395,0
317,436,0
286,402,0
307,415,0
310,407,0
327,411,0
347,419,0
311,393,0
294,422,0
315,392,0
305,427,0
323,389,0
280,403,0
306,434,0
308,399,0
318,398,0
316,395,0
306,434,0
330,412,0
309,403,0
293,424,0
322,403,0
316,387,0
310,424,0
325,389,0
318,422,0
298,413,0
310,429,0
308,428,0
309,408,0
312,427,0
320,449,0
334,417,0
290,437,0
295,408,0
292,392,0
301,420,0
309,419,0
297,414,0
298,435,0
294,391,0
299,383,0
312,418,0
298,407,0
303,413,0
307,419,0
308,395,0
316,391,0
306,429,0
304,392,0
304,439,0
343,453,0
320,416,0
329,414,0
302,403,0
325,464,0
287,435,0
314,368,0
312,419,0
293,368,0
309,456,0
324,409,0
303,420,0
320,398,0
276,445,0
302,467,0
321,412,0
315,407,0
347,407,0
320,430,0
303,415,0
314,391,0
300,416,0
327,381,0
298,418,0
322,422,0
310,389,0
304,387,0
310,396,0
336,434,0
284,423,0
314,392,0
338,414,0
291,426,0
295,408,0
329,405,0
300,412,0
311,422,0
341,383,0
280,394,0
331,418,0
304,428,0
307,374,0
323,474,0
275,409,0
308,408,0
367,403,0
277,433,0
326,390,0
328,410,0
309,406,0
302,412,0
304,417,0
302,397,0
292,415,0
261,368,0
316,414,0
325,395,0
301,430,0
305,423,0
309,444,0
302,416,0
314,459,0
308,393,0
321,381,0
301,401,0
321,440,0
342,405,0
300,406,0
287,416,0
293,387,0
307,447,0
329,426,0
323,443,0
318,403,0
306,429,0
303,366,0
303,462,0
287,404,0
305,394,0
299,414,0
275,435,0
319,392,0
306,414,0
316,421,0
304,409,0
340,426,0
286,408,0
319,374,0
325,430,0
293,384,0
324,406,0
334,431,0
310,384,0
307,392,0
293,406,0
321,408,0
291,392,0
323,396,0
322,425,0
304,417,0
323,398,0
312,369,0
294,397,0
313,440,0
315,403,0
333,368,0
307,395,0
312,401,0
334,432,0
316,393,0
290,391,0
323,443,0
349,401,0
289,415,0
306,375,0
291,455,0
310,410,0
309,409,0
342,443,0
288,427,0
300,398,0
303,391,0
310,405,0
318,435,0
309,426,0
294,383,0
307,429,0
308,428,0
313,424,0
327,381,0
298,417,0
318,390,0
292,429,0
298,403,0
313,429,0
301,417,0
296,404,0
281,438,0
295,389,0
299,421,0
298,416,0
313,399,0
304,425,0
332,416,0
305,404,0
318,399,0
303,399,0
291,416,0
318,456,0
296,403,0
329,431,0
314,413,0
318,367,0
305,408,0
272,412,0
305,445,0
313,414,0
282,408,0
318,431,0
309,421,0
312,454,0
301,412,0
318,413,0
297,442,0
292,407,0
321,402,0
331,416,0
305,412,0
269,426,0
325,420,0
320,408,0
303,400,0
305,421,0
307,382,0
296,399,0
332,391,0
308,390,0
303,416,0
274,415,0
323,406,0
300,407,0
297,407,0
317,420,0
318,427,0
303,395,0
287,438,0
322,437,0
329,410,0
325,398,0
310,394,0
325,421,0
335,431,0
343,368,0
324,379,0
313,442,0
299,418,0
284,421,0
338,396,0
302,384,0
293,402,0
313,419,0
312,380,0
311,421,0
315,399,0
300,431,0
280,406,0
316,416,0
325,403,0
286,366,0
312,411,0
317,423,0
304,451,0
290,399,0
285,413,0
295,396,0
300,431,0
290,426,0
320,371,0
321,409,0
290,429,0
334,420,0
323,418,0
335,391,0
304,440,0
325,413,0
300,423,0
294,395,0
309,416,0
305,418,0
279,434,0
306,412,0
318,403,0
304,399,0
325,428,0
302,402,0
316,447,0
274,409,0
298,432,0
287,411,0
279,400,0
324,399,0
301,420,0
306,422,0
303,396,0
286,417,0
287,408,0
309,436,0
313,457,0
298,388,0
285,403,0
325,412,0
308,382,0
295,403,0
318,432,0
282,401,0
339,422,0
298,437,0
316,411,0
304,430,0
351,415,0
299,402,0
296,415,0
305,425,0
315,423,0
290,429,0
298,404,0
323,389,0
297,429,0
336,429,0
315,425,0
304,384,0
310,407,0
303,397,0
291,399,0
307,423,0
291,365,0
302,392,0
323,375,0
295,403,0
326,416,0
349,395,0
323,408,0
302,414,0
335,403,0
295,448,0
324,382,0
282,402,0
298,397,0
304,422,0
311,429,0
325,434,0
309,411,0
314,387,0
322,419,0
310,412,0
305,392,0
348,411,0
309,406,0
295,405,0
318,406,0
300,380,0
283,422,0
326,395,0
278,456,0
289,402,0
322,403,0
321,395,0
339,416,0
295,410,0
328,412,0
304,411,0
302,436,0
329,423,0
329,413,0
339,426,0
325,404,0
325,402,0
332,417,0
307,417,0
271,413,0
326,446,0
321,435,0
307,398,0
311,437,0
312,375,0
292,392,0
288,412,0
307,428,0
316,421,0
346,403,0
287,419,0
314,392,0
299,418,0
354,409,0
292,434,0
315,417,0
322,405,0
312,421,0
291,415,0
291,385,0
300,417,0
301,409,0
337,410,0
308,403,0
312,422,0
288,352,0
309,425,0
324,424,0
313,408,0
294,415,0
289,423,0
329,409,0
289,411,0
319,400,0
334,403,0
332,429,0
329,424,0
295,410,0
284,471,0
269,391,0
308,408,0
304,413,0
294,405,0
309,406,0
313,445,0
310,376,0
307,387,0
329,364,0
308,411,0
342,410,0
312,417,0
323,423,0
317,386,0
332,408,0
319,428,0
310,441,0
370,383,0
315,369,0
302,414,0
303,411,0
302,456,0
300,402,0
318,414,0
293,427,0
311,408,0
290,427,0
285,376,0
308,427,0
296,451,0
324,397,0
297,441,0
296,404,0
290,410,0
325,390,0
283,418,0
290,388,0
314,394,0
283,409,0
305,424,0
297,416,0
311,425,0
312,380,0
316,429,0
305,411,0
319,392,0
323,446,0
311,396,0
308,467,0
311,430,0
287,411,0
327,419,0
334,432,0
300,404,0
328,395,0
314,429,0
296,392,0
309,378,0
304,423,0
290,387,0
322,427,0
302,396,0
303,422,0
317,439,0
316,412,0
324,401,0
322,418,0
314,427,0
309,398,0
321,404,0
317,427,0
287,405,0
328,412,0
277,410,0
328,400,0
297,397,0
334,412,0
305,383,0
287,413,0
343,361,0
301,352,0
316,414,0
298,427,0
308,423,0
329,425,0
323,401,0
320,393,0
318,397,0
310,414,0
314,393,0
303,405,0
313,466,0
324,394,0
299,407,0
322,403,0
336,423,0
311,402,0
317,415,0
325,413,0
307,377,0
280,399,0
298,399,0
298,432,0
308,383,0
298,470,0
309,438,0
286,418,0
284,412,0
291,420,0
323,400,0
306,407,0
338,383,0
290,406,0
318,395,0
325,388,0
278,407,0
302,391,0
291,434,0
291,382,0
289,426,0
325,422,0
343,436,0
295,423,0
310,417,0
337,388,0
311,434,0
286,397,0
330,418,0
307,412,0
310,406,0
289,410,0
297,394,0
315,391,0
327,413,0
308,416,0
303,439,0
288,407,0
349,422,0
303,439,0
327,428,0
294,390,0
341,417,0
314,404,0
294,427,0
303,421,0
298,421,0
310,387,0
320,431,0
308,430,0
291,406,0
311,401,0
279,438,0
306,403,0
320,398,0
318,391,0
314,438,0
316,392,0
330,448,0
314,418,0
294,404,0
298,422,0
322,379,0
295,405,0
291,394,0
309,391,0
333,427,0
343,407,0
308,409,0
339,409,0
283,378,0
308,409,0
295,433,0
316,424,0
310,459,0
285,428,0
313,406,0
305,370,0
321,389,0
312,413,0
322,429,0
316,407,0
303,394,0
328,432,0
332,404,0
335,409,0
315,413,0
329,406,0
309,419,0
329,418,0
316,442,0
309,397,0
309,377,0
303,410,0
293,415,0
273,410,0
298,390,0
293,430,0
334,412,0
323,416,0
291,386,0
298,433,0
346,449,0
316,393,0
305,397,0
311,417,0
307,437,0
303,429,0
319,455,0
306,389,0
302,417,0
342,445,0
311,446,0
278,404,0
326,429,0
331,392,0
323,402,0
320,405,0
298,410,0
293,397,0
321,419,0
296,388,0
334,450,0
295,412,0
299,422,0
309,387,0
331,376,0
316,447,0
286,421,0
301,437,0
333,425,0
330,384,0
311,415,0
305,400,0
319,395,0
327,408,0
328,421,0
280,441,0
315,397,0
307,407,0
288,356,0
298,419,0
298,391,0
286,436,0
315,415,0
276,436,0
311,442,0
297,442,0
306,403,0
338,373,0
314,431,0
307,395,0
329,406,0
310,405,0
329,432,0
329,399,0
301,414,0
325,405,0
295,412,0
325,418,0
287,452,0
306,430,0
291,444,0
306,423,0
295,424,0
312,455,0
320,392,0
300,438,0
310,401,0
332,386,0
307,410,0
338,409,0
308,403,0
270,444,0
318,387,0
345,435,0
329,440,0
300,422,0
303,439,0
323,429,0
341,414,0
280,406,0
317,410,0
290,403,0
308,417,0
314,385,0
317,392,0
283,385,0
302,425,0
313,417,0
282,407,0
333,415,0
311,371,0
286,391,0
336,446,0
295,405,0
336,420,0
312,400,0
304,423,0
319,396,0
318,405,0
282,398,0
288,397,0
302,403,0
307,431,0
314,383,0
329,429,0
340,423,0
308,412,0
341,452,0
298,439,0
298,444,0
317,450,0
304,411,0
316,444,0
310,423,0
300,419,0
311,424,0
282,370,0
319,428,0
290,415,0
302,413,0
290,427,0
353,393,0
309,450,0
309,448,0
318,428,0
303,399,0
303,428,0
306,408,0
337,410,0
311,385,0
301,374,0
307,422,0
330,385,0
312,430,0
303,417,0
300,436,0
299,431,0
330,389,0
334,432,0
321,440,0
314,387,0
327,414,0
322,405,0
319,408,0
305,442,0
322,409,0
324,445,0
298,423,0
321,438,0
341,437,0
289,455,0
339,405,0
322,414,0
326,404,0
319,407,0
296,402,0
313,439,0
288,392,0
300,423,0
301,398,0
276,440,0
294,431,0
314,398,0
316,421,0
308,387,0
302,381,0
262,415,0
317,426,0
277,410,0
310,398,0
313,387,0
294,401,0
327,419,0
349,393,0
298,437,0
307,413,0
294,428,0
307,413,0
312,399,0
317,413,0
300,418,0
288,428,0
292,408,0
322,419,0
315,416,0
294,434,0
322,392,0
327,437,0
293,418,0
298,394,0
304,434,0
305,424,0
323,414,0
307,399,0
299,445,0
299,405,0
289,391,0
339,418,0
289,435,0
301,422,0
353,443,0
279,436,0
308,403,0
270,420,0
315,419,0
287,429,0
324,430,0
302,473,0
311,386,0
305,404,0
315,411,0
301,387,0
305,414,0
299,400,0
317,417,0
304,402,0
318,403,0
322,401,0
299,442,0
315,420,0
317,430,0
292,417,0
313,381,0
294,403,0
307,395,0
330,413,0
292,397,0
304,363,0
306,431,0
278,405,0
292,425,0
305,418,0
318,368,0
343,396,0
324,422,0
301,410,0
291,400,0
310,389,0
300,412,0
322,423,0
327,421,0
332,430,0
303,428,0
297,436,0
318,415,0
292,427,0
303,418,0
289,396,0
335,415,0
269,439,0
307,437,0
353,387,0
278,428,0
310,393,0
304,427,0
309,427,0
324,400,0
309,409,0
313,374,0
314,381,0
307,385,0
294,385,0
299,404,0
315,407,0
312,428,0
301,382,0
304,364,0
332,372,0
299,433,0
323,413,0
302,380,0
308,426,0
306,403,0
319,391,0
295,406,0
292,396,0
304,406,0
293,428,0
315,397,0
308,406,0
321,390,0
322,393,0
311,428,0
291,438,0
286,421,0
333,380,0
343,414,0
333,382,0
307,400,0
280,412,0
293,415,0
301,399,0
292,419,0
321,416,0
297,430,0
307,436,0
295,419,0
324,403,0
284,401,0
304,419,0
297,392,0
302,436,0
326,401,0
277,377,0
316,412,0
317,451,0
317,360,0
286,421,0
326,431,0
287,429,0
302,390,0
303,391,0
332,403,0
307,414,0
316,446,0
318,411,0
305,427,0
328,403,0
329,393,0
312,421,0
310,377,0
301,394,0
327,414,0
309,421,0
314,421,0
312,431,0
317,410,0
304,416,0
295,360,0
324,405,0
320,395,0
314,411,0
304,441,0
328,402,0
318,426,0
309,396,0
305,432,0
320,374,0
305,404,0
353,455,0
298,397,0
287,419,0
304,419,0
287,387,0
358,374,0
306,396,0
300,405,0
285,415,0
303,400,0
319,380,0
321,401,0
289,396,0
298,408,0
303,395,0
305,400,0
291,426,0
298,401,0
278,426,0
322,437,0
325,421,0
310,392,0
295,430,0
281,451,0
310,434,0
295,408,0
316,416,0
297,427,0
298,427,0
323,434,0
309,413,0
296,450,0
294,384,0
292,441,0
287,421,0
276,371,0
309,438,0
311,421,0
309,410,0
286,377,0
308,410,0
304,429,0
305,402,0
262,440,0
310,428,0
302,417,0
311,438,0
290,416,0
303,454,0
310,378,0
317,427,0
298,404,0
317,393,0
306,414,0
296,379,0
308,419,0
305,376,0
299,388,0
318,398,0
288,426,0
301,417,0
300,390,0
294,439,0
348,410,0
311,438,0
310,392,0
302,429,0
322,440,0
299,393,0
298,410,0
327,412,0
299,443,0
325,386,0
287,403,0
334,390,0
313,431,0
310,428,0
317,394,0
295,405,0
307,422,0
300,429,0
282,409,0
300,429,0
302,428,0
313,372,0
294,433,0
312,410,0
308,407,0
279,422,0
288,410,0
316,398,0
280,398,0
306,392,0
297,423,0
299,429,0
293,391,0
310,414,0
303,429,0
288,376,0
294,406,0
306,438,0
276,392,0
297,426,0
341,405,0
317,435,0
316,423,0
294,372,0
292,422,0
290,385,0
327,426,0
286,363,0
320,402,0
312,421,0
326,415,0
302,419,0
308,437,0
294,418,0
317,391,0
318,439,0
318,414,0
312,417,0
328,403,0
340,385,0
314,399,0
309,431,0
315,412,0
345,410,0
330,412,0
298,416,0
329,418,0
267,413,0
305,445,0
278,398,0
283,422,0
341,486,0
343,401,0
302,416,0
290,417,0
326,414,0
298,410,0
321,405,0
313,415,0
287,466,0
310,370,0
321,427,0
343,395,0
319,435,0
320,385,0
293,450,0
352,415,0
327,421,0
326,432,0
310,419,0
283,414,0
295,371,0
313,444,0
319,384,0
286,397,0
328,405,0
312,398,0
356,407,0
313,401,0
304,425,0
291,447,0
280,400,0
277,433,0
305,408,0
314,400,0
318,401,0
316,402,0
302,437,0
318,413,0
303,417,0
344,424,0
295,399,0
303,451,0
313,416,0
289,365,0
293,384,0
257,392,0
326,417,0
319,422,0
293,436,0
299,433,0
304,452,0
296,437,0
292,402,0
311,392,0
278,430,0
301,429,0
343,413,0
288,404,0
320,399,0
311,432,0
308,414,0
339,445,0
359,437,0
303,394,0
319,391,0
307,415,0
284,413,0
312,415,0
299,422,0
315,456,0
295,452,0
299,414,0
318,395,0
305,374,0
342,405,0
292,431,0
305,441,0
299,401,0
303,381,0
318,415,0
300,411,0
320,418,0
300,446,0
290,406,0
315,401,0
304,428,0
312,390,0
343,402,0
328,402,0
278,394,0
314,419,0
304,401,0
310,400,0
308,428,0
281,380,0
290,421,0
318,385,0
294,433,0
336,429,0
307,421,0
292,407,0
317,401,0
317,403,0
291,411,0
304,380,0
326,412,0
304,386,0
287,401,0
306,382,0
299,421,0
320,398,0
302,398,0
315,400,0
296,404,0
297,412,0
312,417,0
338,432,0
321,400,0
303,383,0
308,415,0
306,416,0
313,410,0
309,422,0
313,408,0
302,379,0
299,397,0
296,402,0
290,402,0
288,443,0
298,425,0
300,385,0
346,433,0
315,426,0
303,415,0
313,430,0
282,436,0
318,426,0
324,406,0
312,392,0
326,425,0
295,408,0
309,427,0
311,416,0
319,436,0
311,403,0
321,429,0
278,387,0
268,458,0
312,455,0
334,375,0
303,411,0
330,416,0
317,428,0
328,405,0
313,404,0
312,404,0
318,424,0
295,416,0
306,416,0
290,405,0
335,402,0
325,392,0
322,432,0
304,406,0
317,383,0
321,385,0
315,412,0
308,441,0
319,423,0
319,417,0
308,418,0
305,377,0
312,431,0
315,385,0
315,407,0
295,395,0
318,434,0
305,415,0
277,392,0
322,399,0
318,437,0
311,384,0
325,406,0
286,422,0
302,432,0
315,421,0
336,429,0
332,416,0
320,420,0
313,459,0
301,407,0
275,399,0
331,401,0
282,431,0
276,414,0
304,417,0
341,429,0
318,404,0
280,417,0
305,392,0
274,424,0
293,414,0
298,430,0
319,430,0
317,428,0
311,418,0
298,374,0
323,405,0
302,420,0
332,410,0
315,422,0
301,392,0
300,420,0
330,414,0
309,405,0
313,396,0
304,450,0
292,399,0
306,453,0
333,404,0
319,381,0
264,398,0
305,434,0
283,394,0
305,405,0
335,425,0
313,439,0
282,453,0
305,421,0
302,453,0
318,434,0
321,375,0
287,411,0
323,383,0
292,428,0
321,413,0
328,431,0
351,434,0
310,442,0
291,413,0
317,421,0
318,398,0
311,427,0
308,371,0
326,433,0
285,384,0
320,403,0
303,420,0
283,406,0
306,388,0
320,431,0
296,430,0
319,427,0
312,400,0
319,416,0
301,410,0
293,407,0
266,396,0
300,434,0
307,438,0
302,410,0
313,410,0
330,384,0
297,409,0
305,423,0
310,421,0
313,440,0
287,437,0
297,404,0
331,383,0
331,431,0
294,438,0
319,380,0
279,417,0
339,411,0
302,422,0
337,417,0
325,416,0
324,425,0
291,411,0
332,429,0
303,445,0
300,426,0
309,386,0
292,387,0
304,431,0
297,389,0
300,403,0
327,381,0
295,425,0
313,361,0
310,429,0
286,432,0
325,384,0
295,417,0
323,411,0
337,386,0
296,404,0
287,400,0
333,401,0
307,412,0
308,428,0
319,434,0
298,445,0
306,410,0
356,402,0
288,390,0
300,391,0
311,432,0
322,440,0
317,421,0
348,414,0
314,413,0
288,372,0
312,396,0
284,421,0
335,424,0
300,378,0
305,412,0
309,428,0
282,408,0
321,409,0
300,388,0
317,422,0
305,400,0
304,453,0
318,430,0
309,382,0
315,444,0
328,381,0
286,430,0
316,415,0
286,410,0
323,416,0
328,426,0
301,429,0
305,435,0
327,408,0
313,413,0
307,387,0
324,395,0
307,414,0
322,402,0
293,420,0
267,468,0
327,428,0
323,409,0
322,361,0
287,377,0
321,408,0
326,417,0
342,434,0
317,420,0
334,428,0
312,443,0
327,443,0
314,432,0
315,389,0
345,453,0
316,413,0
296,443,0
333,389,0
292,409,0
338,391,0
292,354,0
316,397,0
349,422,0
295,434,0
334,393,0
303,410,0
341,397,0
325,398,0
322,409,0
313,392,0
312,407,0
297,436,0
309,451,0
299,394,0
331,445,0
294,417,0
295,394,0
325,436,0
299,420,0
290,410,0
340,414,0
328,393,0
337,411,0
321,418,0
297,429,0
300,456,0
289,388,0
315,435,0
296,406,0
277,414,0
328,442,0
313,408,0
299,425,0
298,401,0
351,407,0
329,422,0
317,422,0
315,424,0
330,392,0
299,438,0
316,366,0
325,407,0
294,422,0
301,445,0
307,404,0
281,424,0
287,408,0
277,390,0
320,383,0
313,431,0
311,437,0
282,412,0
319,393,0
302,431,0
334,404,0
314,429,0
293,399,0
280,408,0
303,413,0
303,426,0
301,472,0
311,391,0
290,401,0
314,443,0
287,395,0
268,432,0
298,415,0
321,385,0
306,422,0
315,391,0
311,399,0
309,413,0
327,388,0
297,403,0
287,389,0
287,383,0
292,390,0
326,398,0
312,409,0
302,399,0
315,421,0
311,379,0
332,376,0
291,413,0
312,414,0
294,437,0
316,402,0
316,433,0
330,438,0
298,405,0
328,408,0
289,411,0
318,432,0
288,388,0
334,402,0
292,421,0
341,400,0
293,381,0
295,421,0
294,398,0
314,410,0
319,436,0
300,412,0
286,404,0
306,445,0
330,419,0
324,397,0
338,405,0
329,414,0
292,404,0
338,433,0
286,417,0
303,427,0
300,436,0
296,432,0
304,395,0
298,423,0
311,409,0
309,437,0
305,418,0
306,396,0
309,394,0
319,407,0
313,416,0
352,418,0
294,433,0
325,445,0
306,399,0
321,437,0
303,417,0
299,426,0
327,419,0
310,410,0
281,363,0
326,407,0
325,407,0
318,413,0
314,372,0
286,416,0
305,393,0
313,411,0
310,436,0
329,440,0
295,401,0
313,414,0
325,395,0
328,428,0
306,433,0
302,399,0
300,408,0
291,393,0
321,428,0
317,405,0
283,366,0
291,418,0
299,428,0
355,389,0
324,421,0
300,379,0
321,439,0
309,413,0
312,406,0
305,429,0
285,421,0
300,415,0
301,392,0
309,401,0
317,380,0
295,395,0
299,407,0
311,405,0
342,425,0
310,438,0
305,411,0
314,420,0
275,390,0
314,410,0
298,394,0
291,432,0
283,438,0
305,401,0
318,413,0
329,439,0
260,411,0
316,413,0
332,423,0
307,390,0
296,399,0
315,415,0
299,396,0
319,430,0
282,397,0
284,428,0
321,406,0
326,398,0
315,442,0
337,417,0
299,405,0
299,399,0
322,431,0
312,377,0
288,414,0
307,414,0
320,407,0
318,408,0
326,398,0
336,412,0
311,439,0
277,403,0
303,403,0
306,427,0
309,417,0
297,421,0
297,458,0
323,421,0
304,382,0
278,422,0
287,397,0
305,401,0
320,419,0
315,421,0
287,397,0
316,399,0
296,411,0
302,419,0
322,451,0
312,441,0
303,434,0
280,410,0
288,388,0
320,425,0
313,390,0
294,386,0
315,441,0
318,386,0
302,455,0
306,373,0
302,410,0
297,404,0
290,391,0
271,402,0
317,362,0
285,454,0
290,427,0
325,421,0
308,441,0
319,426,0
301,414,0
320,428,0
303,417,0
302,422,0
319,437,0
280,446,0
313,390,0
302,400,0
337,418,0
307,459,0
290,382,0
285,439,0
323,417,0
293,379,0
324,405,0
283,416,0
312,408,0
312,427,0
323,366,0
292,407,0
314,390,0
272,404,0
301,405,0
302,415,0
317,486,0
299,415,0
329,414,0
312,396,0
313,401,0
304,407,0
331,414,0
317,410,0
293,409,0
312,409,0
325,414,0
302,415,0
344,431,0
269,375,0
312,397,0
320,411,0
294,428,0
305,390,0
302,430,0
261,387,0
309,426,0
300,452,0
284,373,0
326,397,0
334,428,0
291,428,0
268,400,0
323,393,0
309,411,0
304,418,0
316,394,0
314,359,0
324,430,0
315,376,0
294,414,0
308,430,0
302,416,0
289,409,0
302,412,0
332,412,0
303,394,0
318,411,0
305,403,0
295,415,0
299,411,0
325,390,0
310,398,0
329,416,0
297,437,0
304,410,0
345,423,0
337,423,0
298,409,0
324,425,0
325,435,0
292,409,0
314,434,0
319,387,0
308,410,0
294,429,0
282,396,0
307,418,0
300,413,0
338,407,0
324,396,0
325,397,0
292,433,0
292,423,0
291,409,0
324,412,0
324,413,0
311,401,0
341,408,0
312,392,0
277,396,0
309,380,0
309,411,0
302,390,0
313,408,0
308,416,0
310,410,0
310,411,0
306,368,0
307,423,0
294,416,0
294,393,0
309,402,0
333,380,0
333,450,0
289,443,0
338,437,0
311,441,0
307,423,0
294,379,0
349,419,0
275,434,0
322,407,0
320,442,0
329,404,0
289,402,0
308,396,0
316,406,0
284,415,0
326,417,0
343,422,0
300,411,0
307,428,0
304,441,0
303,429,0
294,418,0
284,407,0
306,404,0
335,429,0
317,426,0
283,430,0
332,447,0
317,437,0
314,449,0
309,417,0
323,407,0
282,442,0
297,397,0
318,399,0
289,414,0
281,423,0
337,444,0
330,388,0
304,443,0
321,450,0
320,413,0
276,422,0
294,417,0
311,414,0
345,420,0
318,403,0
314,412,0
290,386,0
321,436,0
304,411,0
291,417,0
313,432,0
298,368,0
305,387,0
306,410,0
316,410,0
318,407,0
330,400,0
331,416,0
288,427,0
319,413,0
312,420,0
312,405,0
298,387,0
314,432,0
293,418,0
357,420,0
306,444,0
319,389,0
305,414,0
318,412,0
297,448,0
319,399,0
304,433,0
304,396,0
253,371,0
323,417,0
310,422,0
323,405,0
314,441,0
317,424,0
272,387,0
291,402,0
336,458,0
331,404,0
322,426,0
299,430,0
288,419,0
293,430,0
293,429,0
321,445,0
311,410,0
322,427,0
286,420,0
332,428,0
285,393,0
318,409,0
324,431,0
285,402,0
315,369,0
285,378,0
300,403,0
336,414,0
335,375,0
321,402,0
289,411,0
342,413,0
330,404,0
332,429,0
298,394,0
297,401,0
319,388,0
297,455,0
305,448,0
307,403,0
292,411,0
329,433,0
312,411,0
332,400,0
285,421,0
294,422,0
304,406,0
323,413,0
330,405,0
302,432,0
298,404,0
303,409,0
310,377,0
280,441,0
283,407,0
313,441,0
261,421,0
303,390,0
324,395,0
289,374,0
306,395,0
297,424,0
311,408,0
306,393,0
321,419,0
312,404,0
289,413,0
278,409,0
325,424,0
328,420,0
313,423,0
292,384,0
312,410,0
335,411,0
288,414,0
322,417,0
273,441,0
326,412,0
326,398,0
321,407,0
311,400,0
317,391,0
296,397,0
299,428,0
302,437,0
281,433,0
308,354,0
294,403,0
311,392,0
305,416,0
298,411,0
296,402,0
283,408,0
312,411,0
324,412,0
320,408,0
308,388,0
311,417,0
341,411,0
303,420,0
299,409,0
352,412,0
325,430,0
304,429,0
308,438,0
323,427,0
322,429,0
339,372,0
315,380,0
305,410,0
317,413,0
316,436,0
332,447,0
317,452,0
309,452,0
296,448,0
298,431,0
294,401,0
287,364,0
293,407,0
293,429,0
306,427,0
295,382,0
305,443,0
293,412,0
300,411,0
302,388,0
341,409,0
328,437,0
310,395,0
325,445,0
302,399,0
319,417,0
294,410,0
274,419,0
319,419,0
302,439,0
315,404,0
326,426,0
308,409,0
299,414,0
306,394,0
314,395,0
307,398,0
312,438,0
313,389,0
316,367,0
297,404,0
330,429,0
296,400,0
291,414,0
330,434,0
338,392,0
299,417,0
340,397,0
288,436,0
286,423,0
311,419,0
301,417,0
307,436,0
323,416,0
305,424,0
303,415,0
297,410,0
310,401,0
316,418,0
322,440,0
347,385,0
313,397,0
322,402,0
297,441,0
311,391,0
314,404,0
303,439,0
296,417,0
313,414,0
319,425,0
297,410,0
323,436,0
314,417,0
327,410,0
304,412,0
282,419,0
308,408,0
289,392,0
293,394,0
324,390,0
300,397,0
296,407,0
314,421,0
330,402,0
341,403,0
314,411,0
310,423,0
313,435,0
310,406,0
303,413,0
342,390,0
334,437,0
311,404,0
346,434,0
317,419,0
296,383,0
322,438,0
284,391,0
319,440,0
282,448,0
307,406,0
318,466,0
305,441,0
314,428,0
325,376,0
377,438,0
294,424,0
324,392,0
318,428,0
294,388,0
292,391,0
303,451,0
324,401,0
302,446,0
322,389,0
339,412,0
292,447,0
288,426,0
290,402,0
294,397,0
298,399,0
307,434,0
321,463,0
272,411,0
308,408,0
303,386,0
327,440,0
300,414,0
325,408,0
306,436,0
322,387,0
343,416,0
333,400,0
300,402,0
335,386,0
299,426,0
341,411,0
307,425,0
324,427,0
305,396,0
323,406,0
306,395,0
309,373,0
295,432,0
313,411,0
317,386,0
328,399,0
290,378,0
311,437,0
284,416,0
315,390,0
300,390,0
282,406,0
333,380,0
326,393,0
316,405,0
335,416,0
314,379,0
333,393,0
311,430,0
293,380,0
290,426,0
313,422,0
312,420,0
327,394,0
306,421,0
303,435,0
321,366,0
297,412,0
298,445,0
324,400,0
292,410,0
288,421,0
320,397,0
302,442,0
322,417,0
306,443,0
320,413,0
327,403,0
295,421,0
318,430,0
306,433,0
325,414,0
289,428,0
294,431,0
331,413,0
313,409,0
312,401,0
307,445,0
304,407,0
302,410,0
324,427,0
268,413,0
293,386,0
323,402,0
312,425,0
296,406,0
303,403,0
292,396,0
298,411,0
323,421,0
279,401,0
306,421,0
330,404,0
321,414,0
317,423,0
350,421,0
294,430,0
319,432,0
305,414,0
322,398,0
307,394,0
289,413,0
294,416,0
295,451,0
323,429,0
280,390,0
281,442,0
317,422,0
312,398,0
305,427,0
317,386,0
309,383,0
282,428,0
308,445,0
301,427,0
283,378,0
317,405,0
315,422,0
320,389,0
347,401,0
320,423,0
303,415,0
310,406,0
292,393,0
283,441,0
314,420,0
295,368,0
333,435,0
307,411,0
313,421,0
297,413,0
303,440,0
309,422,0
298,401,0
320,442,0
293,427,0
305,390,0
301,406,0
329,415,0
306,402,0
316,400,0
334,383,0
323,425,0
291,414,0
312,412,0
285,409,0
322,431,0
347,419,0
335,418,0
343,410,0
317,434,0
309,397,0
311,413,0
296,414,0
328,430,0
344,407,0
303,395,0
276,422,0
321,436,0
313,420,0
296,444,0
327,417,0
305,398,0
294,451,0
333,411,0
307,421,0
297,435,0
338,411,0
328,435,0
306,414,0
312,430,0
298,403,0
306,412,0
286,399,0
313,415,0
339,421,0
324,417,0
307,429,0
305,389,0
308,424,0
305,398,0
292,395,0
342,413,0
293,413,0
307,393,0
317,391,0
308,402,0
280,413,0
299,439,0
310,438,0
280,418,0
319,432,0
316,430,0
308,431,0
348,398,0
309,418,0
332,382,0
333,419,0
311,405,0
274,426,0
287,397,0
323,420,0
319,410,0
314,427,0
360,427,0
302,463,0
314,391,0
312,384,0
287,435,0
273,425,0
318,424,0
294,389,0
315,399,0
356,420,0
305,432,0
307,464,0
301,411,0
333,436,0
274,432,0
291,438,0
309,388,0
294,405,0
342,423,0
275,396,0
294,407,0
282,449,0
273,398,0
289,419,0
310,394,0
316,409,0
310,421,0
320,408,0
313,423,0
299,426,0
293,414,0
304,425,0
320,435,0
334,445,0
298,391,0
300,438,0
287,403,0
330,385,0
299,399,0
296,400,0
330,412,0
311,416,0
313,389,0
320,443,0
282,412,0
306,411,0
294,440,0
313,439,0
313,442,0
343,399,0
301,440,0
303,443,0
302,432,0
299,415,0
324,422,0
310,404,0
326,429,0
315,444,0
322,453,0
323,425,0
306,398,0
338,424,0
296,459,0
296,422,0
269,432,0
309,402,0
315,404,0
294,407,0
313,386,0
307,420,0
328,419,0
311,430,0
293,422,0
317,440,0
324,414,0
285,424,0
327,416,0
324,412,0
362,452,0
305,395,0
306,406,0
294,405,0
319,410,0
316,400,0
289,402,0
336,413,0
300,432,0
317,443,0
332,406,0
305,445,0
311,411,0
293,393,0
328,412,0
290,415,0
294,391,0
322,437,0
329,413,0
289,423,0
278,426,0
325,410,0
314,424,0
312,424,0
343,415,0
318,430,0
319,411,0
308,424,0
307,408,0
311,452,0
323,448,0
315,394,0
319,412,0
306,408,0
316,428,0
309,407,0
332,420,0
303,422,0
334,396,0
288,426,0
327,392,0
283,368,0
314,423,0
328,439,0
301,400,0
286,351,0
321,428,0
322,431,0
318,390,0
311,427,0
313,431,0
356,425,0
288,419,0
332,425,0
309,404,0
299,385,0
323,427,0
289,410,0
329,417,0
256,390,0
268,431,0
303,425,0
307,390,0
304,423,0
300,431,0
287,425,0
289,412,0
305,405,0
314,392,0
317,450,0
288,400,0
299,386,0
306,427,0
289,404,0
323,467,0
307,423,0
325,433,0
312,377,0
294,411,0
296,413,0
323,410,0
304,397,0
294,454,0
299,425,0
320,411,0
335,396,0
338,421,0
307,426,0
296,381,0
278,401,0
318,417,0
310,392,0
322,370,0
309,407,0
329,404,0
284,435,0
296,383,0
288,433,0
296,422,0
311,386,0
287,427,0
318,428,0
288,407,0
319,422,0
315,381,0
284,405,0
330,379,0
312,392,0
326,412,0
311,410,0
295,393,0
305,397,0
321,392,0
338,428,0
311,404,0
339,405,0
308,404,0
277,401,0
323,421,0
272,417,0
329,410,0
335,411,0
280,396,0
291,387,0
331,428,0
307,408,0
302,379,0
306,435,0
330,368,0
345,441,0
300,461,0
300,407,0
300,408,0
312,396,0
316,425,0
316,420,0
304,389,0
336,402,0
312,416,0
318,409,0
322,411,0
304,376,0
309,417,0
302,394,0
297,416,0
330,397,0
300,423,0
311,406,0
283,432,0
335,421,0
302,434,0
304,451,0
287,391,0
340,409,0
292,411,0
305,433,0
320,405,0
338,409,0
304,411,0
327,397,0
305,405,0
334,398,0
337,368,0
291,426,0
313,419,0
299,420,0
299,384,0
290,442,0
318,407,0
299,387,0
310,408,0
322,423,0
321,423,0
301,404,0
310,406,0
306,424,0
312,389,0
267,404,0
287,415,0
328,398,0
317,412,0
281,400,0
313,422,0
313,441,0
311,420,0
301,429,0
321,409,0
297,448,0
316,467,0
304,423,0
331,414,0
300,397,0
333,422,0
358,393,0
329,415,0
300,402,0
308,425,0
283,421,0
295,398,0
321,423,0
333,417,0
294,450,0
329,405,0
317,432,0
296,397,0
312,438,0
290,408,0
304,419,0
310,388,0
295,393,0
314,420,0
336,414,0
295,436,0
343,436,0
328,411,0
310,457,0
339,408,0
292,364,0
320,422,0
318,421,0
320,387,0
310,393,0
325,418,0
307,452,0
299,422,0
324,360,0
323,451,0
317,408,0
321,404,0
287,415,0
322,419,0
298,378,0
317,414,0
320,392,0
307,414,0
316,433,0
314,419,0
327,447,0
305,371,0
304,433,0
324,429,0
280,407,0
329,454,0
306,397,0
318,413,0
308,438,0
325,424,0
297,409,0
308,421,0
309,396,0
315,433,0
349,399,0
329,407,0
295,413,0
307,407,0
326,412,0
327,408,0
314,398,0
290,412,0
319,390,0
329,408,0
274,392,0
300,431,0
305,417,0
292,427,0
321,401,0
318,400,0
306,393,0
294,453,0
311,426,0
341,391,0
302,387,0
314,409,0
331,434,0
306,412,0
298,410,0
300,389,0
340,414,0
328,361,0
307,402,0
308,428,0
309,433,0
299,407,0
332,415,0
321,431,0
289,401,0
323,408,0
308,424,0
317,397,0
302,424,0
314,405,0
295,389,0
291,392,0
301,408,0
323,413,0
294,423,0
299,375,0
332,426,0
329,414,0
295,399,0
291,419,0
311,406,0
299,389,0
321,408,0
311,451,0
312,407,0
295,404,0
307,412,0
255,394,0
323,371,0
305,426,0
328,415,0
306,399,0
288,428,0
293,419,0
299,386,0
308,457,0
301,444,0
343,423,0
299,437,0
339,408,0
347,402,0
290,389,0
316,417,0
309,372,0
274,437,0
328,429,0
340,443,0
317,381,0
328,426,0
319,414,0
322,413,0
318,465,0
327,387,0
310,437,0
310,420,0
303,422,0
308,409,0
306,404,0
330,423,0
284,429,0
329,413,0
316,440,0
312,397,0
286,370,0
331,425,0
315,416,0
335,411,0
318,390,0
318,388,0
306,387,0
331,367,0
292,428,0
286,410,0
335,420,0
313,425,0
320,423,0
310,409,0
320,428,0
283,425,0
284,423,0
319,375,0
272,435,0
309,412,0
278,415,0
331,371,0
276,419,0
325,407,0
